section,Trace,Comment,Length,Area,Thickness,
1,d006,,2.50745,0.402041,0.043,
1,D006,,0.7294,0.0420967,0.043,
1,d006_INC,,0.326268,0.0014651,0.043,
1,d006_o01_incomplete,,0.160975,0.00124519,0.043,
1,d006_p01_incomplete,,1.7998,0.103654,0.043,
2,d006,,2.73138,0.440529,0.043,
2,D006,,0.7294,0.0420967,0.043,
2,d006_INC,,0.326875,0.001469,0.043,
2,d006_o01_incomplete,,0.160652,0.0012402,0.043,
2,d006_o02,,0.160799,0.00124258,0.043,
2,d006_p01_incomplete,,1.34608,0.0550786,0.043,
2,d006_p02,,0.596568,0.0168792,0.043,
3,d006,,2.61314,0.442039,0.043,
3,D006,,0.7294,0.0420967,0.043,
3,d006_INC,,0.326875,0.001469,0.043,
3,d006_o01_incomplete,,0.160652,0.0012402,0.043,
3,d006_o02,,0.160799,0.00124258,0.043,
3,d006_p01_incomplete,,0.96445,0.0253675,0.043,
3,d006_p02,,0.86092,0.0312594,0.043,
4,d006,,2.64621,0.440901,0.043,
4,D006,,0.7294,0.0420967,0.043,
4,d006_o02,,0.160975,0.00124519,0.043,
4,d006_o03,,0.105385,0.000533665,0.043,
4,d006_p02,,0.910265,0.0279922,0.043,
5,d006,,2.35381,0.371788,0.043,
5,D006,,0.7294,0.0420967,0.043,
5,d006_o03,,0.105385,0.000533665,0.043,
5,d006_p02,,0.484335,0.0145931,0.043,
5,d006_p03,,0.858062,0.0366951,0.043,
6,d006,,2.3693,0.34954,0.043,
6,D006,,0.7294,0.0420967,0.043,
6,d006_o03,,0.105533,0.00053523,0.043,
6,d006_p02,,0.492253,0.0151432,0.043,
6,d006_p03,,0.907364,0.030508,0.043,
7,d006,,2.45156,0.369637,0.043,
7,D006,,0.7294,0.0420967,0.043,
7,d006_o03,,0.105533,0.00053523,0.043,
7,d006_p02,,0.537602,0.0182738,0.043,
7,d006_p03,,0.43591,0.0133736,0.043,
8,d006,,2.42133,0.366348,0.043,
8,D006,,0.7294,0.0420967,0.043,
8,d006_mt_low,,0.0384869,0.0001112,0.043,
8,d006_mt_low,,0.0384869,0.0001112,0.043,
8,d006_mt_low,,0.0383455,0.000110405,0.043,
8,d006_mt_low,,0.0383455,0.000110405,0.043,
8,d006_mt_low,,0.0383455,0.000110405,0.043,
8,d006_mt_low,,0.0384274,0.0001108,0.043,
8,d006_mt_low,,0.0384869,0.0001112,0.043,
8,d006_mt_low,,0.0386274,0.000112,0.043,
8,d006_mt_low,,0.0383455,0.000110405,0.043,
8,d006_mt_low,,0.0383455,0.000110405,0.043,
8,d006_mt_low,,0.0383455,0.000110405,0.043,
8,d006_p02,,0.631013,0.0279099,0.043,
8,d006_p03,,0.45062,0.0151291,0.043,
9,d006,,2.4324,0.369251,0.043,
9,D006,,0.7294,0.0420967,0.043,
9,d006_o04,,0.0907091,0.00039543,0.043,
9,d006_p02,,0.58199,0.0256074,0.043,
9,d006_p03,,0.473831,0.0160574,0.043,
9,d006_p04,,0.460421,0.0074411,0.043,
10,d006,,2.45348,0.379228,0.043,
10,D006,,0.7294,0.0420967,0.043,
10,d006_c07,,0.664575,0.0311951,0.043,
10,d006_o04,,0.0907091,0.00039543,0.043,
10,d006_o05,,0.0908846,0.0003969,0.043,
10,d006_p02,,0.579371,0.0239512,0.043,
10,d006_p03,,0.535177,0.0193264,0.043,
10,d006_p04,,0.814006,0.0312074,0.043,
10,d006_p05,,0.427232,0.00763304,0.043,
10,d006_p07,,0.3247,0.00769385,0.043,
11,d006,,2.45475,0.384966,0.043,
11,D006,,0.7294,0.0420967,0.043,
11,d006_c07,,0.664575,0.0311951,0.043,
11,d006_cfa07,,0.556659,0.0202398,0.043,
11,d006_o04,,0.0907091,0.00039543,0.043,
11,d006_o05,,0.0907091,0.00039543,0.043,
11,d006_p02,,0.528746,0.0191152,0.043,
11,d006_p03,,0.405776,0.011321,0.043,
11,d006_p04,,1.34127,0.071992,0.043,
11,d006_p05,,0.58114,0.0136831,0.043,
11,d006_p07,,0.785711,0.0378253,0.043,
12,d006,,2.22955,0.332703,0.043,
12,D006,,0.7294,0.0420967,0.043,
12,d006_c07,,0.630876,0.0283302,0.043,
12,d006_cfa07,,0.163211,0,0.043,
12,d006_cfa07,,0.545979,0.0122314,0.043,
12,d006_o04,,0.0907091,0.00039543,0.043,
12,d006_o05,,0.0905612,0.000394085,0.043,
12,d006_p02,,0.540255,0.0198763,0.043,
12,d006_p03,,0.473699,0.0156365,0.043,
12,d006_p04,,0.927001,0.0547369,0.043,
12,d006_p05,,1.2162,0.0534655,0.043,
12,d006_p07,,0.917955,0.0561769,0.043,
13,d006,,2.23647,0.322708,0.043,
13,D006,,0.7294,0.0420967,0.043,
13,d006_o05,,0.0905612,0.000394085,0.043,
13,d006_p02,,0.536608,0.0196089,0.043,
13,d006_p03,,0.63351,0.0235644,0.043,
13,d006_p04,,0.997705,0.0736357,0.043,
13,d006_p05,,1.43892,0.0488929,0.043,
13,d006_p07,,1.06654,0.0809257,0.043,
14,d006,,2.19343,0.307688,0.043,
14,D006,,0.7294,0.0420967,0.043,
14,d006_c04,,0.738206,0.0328024,0.043,
14,d006_c12,,0.389609,0.007178,0.043,
14,d006_cfa04,,0.26297,0,0.043,
14,d006_o05,,0.0908846,0.0003969,0.043,
14,d006_p02,,0.561886,0.02285,0.043,
14,d006_p03,,0.757145,0.0379125,0.043,
14,d006_p04,,1.1601,0.0862612,0.043,
14,d006_p05,,0.691149,0.0248728,0.043,
14,d006_p05,,0.35301,0.00490397,0.043,
14,d006_p06,,0.432566,0.0105758,0.043,
14,d006_p07,,1.06753,0.0763611,0.043,
14,d006_p12,,0.506394,0.00908201,0.043,
15,d006,,2.22286,0.32923,0.043,
15,D006,,0.7294,0.0420967,0.043,
15,d006_c04,,0.944624,0.0434947,0.043,
15,d006_c12,,0.706844,0.0353955,0.043,
15,d006_cfa04,,0.369872,0,0.043,
15,d006_cfa12,,0.389609,0.00717799,0.043,
15,d006_cfa12,,0.0537453,0,0.043,
15,d006_o06,,0.0907091,0.00039543,0.043,
15,d006_p02,,0.475816,0.0158774,0.043,
15,d006_p03,,0.976885,0.060695,0.043,
15,d006_p04,,1.18179,0.0792622,0.043,
15,d006_p05,,0.484196,0.0140042,0.043,
15,d006_p06,,1.26522,0.0639808,0.043,
15,d006_p07,,1.06046,0.0773243,0.043,
15,d006_p08,,0.484563,0.0149648,0.043,
15,d006_p12,,1.14721,0.0603677,0.043,
16,d006,,2.30314,0.350542,0.043,
16,D006,,0.7294,0.0420967,0.043,
16,d006_c04,,0.691518,0.0298183,0.043,
16,d006_c12,,0.725312,0.0369204,0.043,
16,d006_cfa04,,0.262948,0,0.043,
16,d006_cfa12,,0.599682,0.0197158,0.043,
16,d006_cfa12,,0.144844,0,0.043,
16,d006_o06,,0.0907091,0.00039543,0.043,
16,d006_p02,,0.393604,0.0102191,0.043,
16,d006_p03,,1.15062,0.0862069,0.043,
16,d006_p04,,1.12662,0.062693,0.043,
16,d006_p05,,0.393349,0.00774005,0.043,
16,d006_p05,,0.426801,0.0110322,0.043,
16,d006_p06,,1.81995,0.129124,0.043,
16,d006_p07,,1.01106,0.0672377,0.043,
16,d006_p08,,0.837375,0.0413333,0.043,
16,d006_p12,,1.30655,0.110197,0.043,
17,d006,,2.41632,0.372681,0.043,
17,D006,,0.7294,0.0420967,0.043,
17,d006_c03,,0.759883,0.0371674,0.043,
17,d006_c04,,0.472264,0,0.043,
17,d006_cfa03,,0.298231,0,0.043,
17,d006_cfa04,,0.17338,0,0.043,
17,d006_o06,,0.0907091,0.00039543,0.043,
17,d006_p02,,0.430113,0.0141211,0.043,
17,d006_p03,,1.23405,0.0874582,0.043,
17,d006_p04,,0.770465,0.031376,0.043,
17,d006_p05,,1.22516,0.060729,0.043,
17,d006_p06,,1.86881,0.13092,0.043,
17,d006_p07,,0.838814,0.0484987,0.043,
17,d006_p08,,1.01148,0.052541,0.043,
17,d006_p12,,1.78935,0.139637,0.043,
18,d006,,2.4622,0.37604,0.043,
18,D006,,0.7294,0.0420967,0.043,
18,d006_c03,,0.544793,0.0202891,0.043,
18,d006_c06,,0.304567,0.00679432,0.043,
18,d006_cfa03,,0.19493,0,0.043,
18,d006_cfa06,,0.086636,0,0.043,
18,d006_o06,,0.0907091,0.00039543,0.043,
18,d006_p02,,0.387646,0.0113665,0.043,
18,d006_p03,,0.75263,0.0400788,0.043,
18,d006_p05,,1.2035,0.0776835,0.043,
18,d006_p06,,1.32689,0.101067,0.043,
18,d006_p07,,0.814957,0.0431574,0.043,
18,d006_p08,,1.3937,0.0616269,0.043,
18,d006_p12,,1.88564,0.149649,0.043,
19,d006,,2.33286,0.36064,0.043,
19,D006,,0.7294,0.0420967,0.043,
19,d006_c03,,0.400719,0.0112133,0.043,
19,d006_c06,,0.571715,0.0213727,0.043,
19,d006_cfa03,,0.10282,0,0.043,
19,d006_cfa06,,0.211927,0,0.043,
19,d006_o07,,0.0844431,0.000342615,0.043,
19,d006_p02,,0.398141,0.0114741,0.043,
19,d006_p03,,0.468751,0.0158031,0.043,
19,d006_p05,,1.16634,0.0727135,0.043,
19,d006_p06,,1.24859,0.086662,0.043,
19,d006_p07,,0.688247,0.0308831,0.043,
19,d006_p07,,0.465023,0.0104187,0.043,
19,d006_p08,,1.96202,0.0910702,0.043,
19,d006_p12,,0.345322,0.00867075,0.043,
19,d006_p12,,1.35496,0.102218,0.043,
20,d006,,2.33515,0.363211,0.043,
20,D006,,0.7294,0.0420967,0.043,
20,d006_c05,,0.417748,0.0122076,0.043,
20,d006_c06,,0.742306,0.0325854,0.043,
20,d006_cfa05,,0.128859,0,0.043,
20,d006_cfa06,,0.284249,0,0.043,
20,d006_o07,,0.0845909,0.00034387,0.043,
20,d006_o08,,0.0844431,0.000342615,0.043,
20,d006_p02,,0.369749,0.0100359,0.043,
20,d006_p05,,1.05297,0.0585757,0.043,
20,d006_p06,,1.17295,0.0599045,0.043,
20,d006_p07,,0.668567,0.0254083,0.043,
20,d006_p07,,0.485879,0.0128673,0.043,
20,d006_p08,,0.393481,0.00746831,0.043,
20,d006_p08,,2.08779,0.101171,0.043,
20,d006_p12,,0.215636,0.00320011,0.043,
20,d006_p12,,1.10225,0.0745373,0.043,
21,d006,,2.48761,0.412592,0.043,
21,D006,,0.7294,0.0420967,0.043,
21,d006_c05,,0.500482,0.0144235,0.043,
21,d006_c06,,0.428769,0.0115251,0.043,
21,d006_c08,,0.622442,0.0253693,0.043,
21,d006_cfa05,,0.190212,0,0.043,
21,d006_cfa06,,0.157096,0,0.043,
21,d006_cfa08,,0.211854,0,0.043,
21,d006_o07,,0.0844431,0.000342615,0.043,
21,d006_o08,,0.0842675,0.00034125,0.043,
21,d006_p02,,0.429592,0.0128755,0.043,
21,d006_p05,,0.856274,0.035708,0.043,
21,d006_p06,,1.04706,0.0380216,0.043,
21,d006_p07,,0.615741,0.021085,0.043,
21,d006_p07,,0.492183,0.0120611,0.043,
21,d006_p08,,0.496256,0.0118588,0.043,
21,d006_p08,,2.31137,0.132811,0.043,
21,d006_p12,,0.825819,0.0317306,0.043,
22,d006,,2.5704,0.457468,0.043,
22,D006,,0.7294,0.0420967,0.043,
22,d006_c05,,0.304377,0.00601358,0.043,
22,d006_c08,,0.393091,0.0109208,0.043,
22,d006_c08,,0.761921,0.0351518,0.043,
22,d006_cfa05,,0.109207,0,0.043,
22,d006_cfa08,,0.102339,0,0.043,
22,d006_cfa08,,0.307348,0,0.043,
22,d006_o07,,0.0844431,0.000342615,0.043,
22,d006_o08,,0.0842675,0.00034125,0.043,
22,d006_o09,,0.0961803,0.0004446,0.043,
22,d006_p02,,0.40438,0.0119533,0.043,
22,d006_p05,,0.467244,0.0127859,0.043,
22,d006_p06,,0.776928,0.0222384,0.043,
22,d006_p07,,0.999628,0.0451493,0.043,
22,d006_p08,,2.41575,0.17115,0.043,
22,d006_p08,,0.688566,0.0240389,0.043,
22,d006_p09,,0.637113,0.0182827,0.043,
22,d006_p12,,0.623428,0.0229522,0.043,
23,d006,,2.60718,0.46217,0.043,
23,D006,,0.7294,0.0420967,0.043,
23,d006_c08,,0.62708,0.0262693,0.043,
23,d006_c08,,0.780643,0.0366874,0.043,
23,d006_cfa08,,0.222725,0,0.043,
23,d006_cfa08,,0.331738,0,0.043,
23,d006_o07,,0.0844431,0.000342615,0.043,
23,d006_o08,,0.0842675,0.00034125,0.043,
23,d006_o09,,0.0961803,0.0004446,0.043,
23,d006_p02,,0.432435,0.0133026,0.043,
23,d006_p06,,0.541597,0.0144227,0.043,
23,d006_p07,,0.597093,0.0210355,0.043,
23,d006_p08,,4.10846,0.279156,0.043,
23,d006_p09,,0.719318,0.0260506,0.043,
23,d006_p12,,0.632405,0.0248006,0.043,
24,d006,,2.48482,0.416455,0.043,
24,D006,,0.7294,0.0420967,0.043,
24,d006_c08,,0.781691,0.0357261,0.043,
24,d006_c08,,0.701688,0.0332,0.043,
24,d006_cfa08,,0.291041,0,0.043,
24,d006_cfa08,,0.273965,0,0.043,
24,d006_o07,,0.0845909,0.00034387,0.043,
24,d006_o08,,0.0845909,0.00034387,0.043,
24,d006_p02,,0.532712,0.0201048,0.043,
24,d006_p06,,0.405525,0.00835208,0.043,
24,d006_p07,,0.576159,0.0159947,0.043,
24,d006_p08,,4.10424,0.333915,0.043,
24,d006_p09,,0.455965,0.0149936,0.043,
24,d006_p12,,0.653575,0.0248739,0.043,
25,d006,,2.53943,0.41272,0.043,
25,D006,,0.7294,0.0420967,0.043,
25,d006_c08,,0.723011,0.0382757,0.043,
25,d006_c08,,0.766752,0.0349083,0.043,
25,d006_cfa08,,0.259502,0,0.043,
25,d006_cfa08,,0.334533,0,0.043,
25,d006_o08,,0.0844431,0.000342615,0.043,
25,d006_p02,,0.643731,0.0281649,0.043,
25,d006_p06,,0.285969,0.00455393,0.043,
25,d006_p08,,0.394823,0.00576889,0.043,
25,d006_p08,,3.52469,0.316453,0.043,
25,d006_p09,,0.453227,0.0143293,0.043,
25,d006_p12,,0.755875,0.0340261,0.043,
25,d006_p18_branched,,0.256113,0.00443086,0.043,
26,d006,,2.42312,0.396071,0.043,
26,D006,,0.7294,0.0420967,0.043,
26,d006_c08,,1.15282,0.0777421,0.043,
26,d006_cfa08,,0.492152,0,0.043,
26,d006_p02,,0.835001,0.0476292,0.043,
26,d006_p08,,3.26995,0.291296,0.043,
26,d006_p09,,0.481137,0.0154871,0.043,
26,d006_p12,,0.854814,0.0539229,0.043,
26,d006_p18_branched,,0.410739,0.00985468,0.043,
27,d006,,2.40709,0.400692,0.043,
27,D006,,0.7294,0.0420967,0.043,
27,d006_c02,,0.231805,0.0040498,0.043,
27,d006_c08,,1.07858,0.0671118,0.043,
27,d006_c18b,,0.32084,0.00758768,0.043,
27,d006_cfa02,,0.0612288,0,0.043,
27,d006_cfa08,,0.440517,0,0.043,
27,d006_cfa18b,,0.0771176,0,0.043,
27,d006_p02,,0.949889,0.0582609,0.043,
27,d006_p08,,2.92545,0.233568,0.043,
27,d006_p09,,0.431869,0.0135293,0.043,
27,d006_p12,,0.943507,0.0654796,0.043,
27,d006_p18_branched,,0.55898,0.0165478,0.043,
28,d006,,2.44114,0.421933,0.043,
28,D006,,0.7294,0.0420967,0.043,
28,d006_c02,,0.474751,0.014776,0.043,
28,d006_c08,,1.13395,0.0686058,0.043,
28,d006_c18b,,0.674429,0.0288099,0.043,
28,d006_cfa02,,0.169418,0,0.043,
28,d006_cfa08,,0.48376,0,0.043,
28,d006_cfa18b,,0.260853,0,0.043,
28,d006_p02,,1.04723,0.0702278,0.043,
28,d006_p08,,2.71548,0.199625,0.043,
28,d006_p09,,0.465354,0.0148151,0.043,
28,d006_p12,,0.951556,0.0645473,0.043,
28,d006_p18_branched,,1.03423,0.0446834,0.043,
29,d006,,2.39778,0.421896,0.043,
29,D006,,0.7294,0.0420967,0.043,
29,d006_c02,,0.466812,0.0153832,0.043,
29,d006_c08,,1.0197,0.0583857,0.043,
29,d006_c18b,,0.6636,0.0264672,0.043,
29,d006_cfa02,,0.147947,0,0.043,
29,d006_cfa08,,0.443534,0,0.043,
29,d006_cfa18b,,0.240926,0,0.043,
29,d006_p02,,1.16269,0.0704759,0.043,
29,d006_p08,,2.17346,0.158297,0.043,
29,d006_p09,,0.636783,0.0272099,0.043,
29,d006_p12,,0.881671,0.0567143,0.043,
29,d006_p18_branched,,1.11204,0.0681382,0.043,
30,d006,,2.46108,0.427377,0.043,
30,D006,,0.7294,0.0420967,0.043,
30,d006_c02,,0.488867,0.0179542,0.043,
30,d006_c08,,0.6005,0.0264807,0.043,
30,d006_cfa02,,0.152717,0,0.043,
30,d006_cfa08,,0.196772,0,0.043,
30,d006_p02,,0.95329,0.0544351,0.043,
30,d006_p08,,2.10427,0.15839,0.043,
30,d006_p09,,0.648398,0.0300877,0.043,
30,d006_p12,,0.845572,0.0492238,0.043,
30,d006_p18_branched,,0.983827,0.0630886,0.043,
31,d006,,2.48651,0.424119,0.043,
31,D006,,0.7294,0.0420967,0.043,
31,d006_c02,,0.542123,0.0193512,0.043,
31,d006_cfa02,,0.178788,0,0.043,
31,d006_o10,,0.0942672,0.000427,0.043,
31,d006_p02,,0.782137,0.0413293,0.043,
31,d006_p08,,1.9617,0.166404,0.043,
31,d006_p09,,0.741863,0.0384568,0.043,
31,d006_p10,,0.471559,0.00648455,0.043,
31,d006_p12,,0.772602,0.0393099,0.043,
31,d006_p18_branched,,0.949612,0.0572885,0.043,
32,d006,,2.42307,0.403737,0.043,
32,D006,,0.7294,0.0420967,0.043,
32,d006_c02,,0.333112,0.00837925,0.043,
32,d006_cfa02,,0.0892314,0,0.043,
32,d006_o10,,0.0942672,0.000427,0.043,
32,d006_p02,,0.561023,0.0214778,0.043,
32,d006_p08,,1.31459,0.0776235,0.043,
32,d006_p09,,0.833525,0.0516675,0.043,
32,d006_p10,,0.752086,0.0284508,0.043,
32,d006_p12,,0.710588,0.0331616,0.043,
32,d006_p18_branched,,0.824066,0.0482396,0.043,
33,d006,,2.34469,0.394896,0.043,
33,D006,,0.7294,0.0420967,0.043,
33,d006_o10,,0.0942672,0.000427,0.043,
33,d006_p02,,0.340689,0.00854112,0.043,
33,d006_p08,,0.999139,0.0536047,0.043,
33,d006_p09,,0.876205,0.0548336,0.043,
33,d006_p10,,0.906991,0.0385135,0.043,
33,d006_p12,,0.642608,0.0266188,0.043,
33,d006_p18_branched,,0.645953,0.0293972,0.043,
34,d006,,2.30001,0.373536,0.043,
34,D006,,0.7294,0.0420967,0.043,
34,d006_o10,,0.094415,0.0004284,0.043,
34,d006_p08,,0.568208,0.0233579,0.043,
34,d006_p09,,0.95879,0.0645631,0.043,
34,d006_p10,,1.03577,0.0345984,0.043,
34,d006_p12,,0.568526,0.021567,0.043,
34,d006_p18_branched,,0.508188,0.0171371,0.043,
35,d006,,2.37142,0.38194,0.043,
35,D006,,0.7294,0.0420967,0.043,
35,d006_o10,,0.0942672,0.000427,0.043,
35,d006_p09,,1.00041,0.072501,0.043,
35,d006_p10,,0.234081,0.00139547,0.043,
35,d006_p10,,0.568184,0.0191472,0.043,
35,d006_p11,,0.321741,0.00723134,0.043,
35,d006_p12,,0.549452,0.0202967,0.043,
35,d006_p18_branched,,0.453202,0.0125217,0.043,
36,d006,,2.34506,0.365456,0.043,
36,D006,,0.7294,0.0420967,0.043,
36,d006_c09,,0.559083,0.0185726,0.043,
36,d006_cfa09,,0.212846,0,0.043,
36,d006_p09,,0.953362,0.0641841,0.043,
36,d006_p10,,0.541564,0.0169105,0.043,
36,d006_p11,,0.430592,0.01206,0.043,
36,d006_p12,,0.441624,0.0132455,0.043,
36,d006_p18_branched,,0.463596,0.0130288,0.043,
37,d006,,2.29789,0.363739,0.043,
37,D006,,0.7294,0.0420967,0.043,
37,d006_c09,,0.701476,0.0375692,0.043,
37,d006_c11,,0.58274,0.0173783,0.043,
37,d006_c13_shaft_symmetric,,0.384233,0.0111441,0.043,
37,d006_cfa09,,0.0969507,0,0.043,
37,d006_cfa09,,0.163451,0,0.043,
37,d006_cfa09,,0.255478,0.00418184,0.043,
37,d006_cfa11,,0.187522,0,0.043,
37,d006_cfa13_shaft_symmetric,,0.0832193,0,0.043,
37,d006_o11,,0.0942672,0.000427,0.043,
37,d006_o13_shaft_symmetric,,0.0994149,0.00047495,0.043,
37,d006_p09,,0.902014,0.0574889,0.043,
37,d006_p10,,0.575519,0.0208552,0.043,
37,d006_p11,,0.754042,0.0258728,0.043,
37,d006_p11,,0.17461,0.00128849,0.043,
37,d006_p12,,0.422336,0.0129453,0.043,
37,d006_p18_branched,,0.473005,0.0148582,0.043,
38,d006,,2.36746,0.378656,0.043,
38,D006,,0.7294,0.0420967,0.043,
38,d006_c09,,0.684737,0.035787,0.043,
38,d006_c11,,0.732455,0.0234342,0.043,
38,d006_c13_shaft_symmetric,,0.957125,0.0480239,0.043,
38,d006_cfa09,,0.572776,0.0225611,0.043,
38,d006_cfa11,,0.285385,0,0.043,
38,d006_cfa13_shaft_symmetric,,0.3718,0,0.043,
38,d006_o11,,0.094415,0.0004284,0.043,
38,d006_o12,,0.0652663,0.00020467,0.043,
38,d006_o13_shaft_symmetric,,0.0994149,0.00047495,0.043,
38,d006_p09,,0.729284,0.0382757,0.043,
38,d006_p10,,0.711726,0.0292338,0.043,
38,d006_p11,,0.995515,0.0405348,0.043,
38,d006_p11,,0.241468,0.00238305,0.043,
38,d006_p12,,0.404646,0.0119575,0.043,
38,d006_p12,,0.326438,0.00335958,0.043,
38,d006_p15,,0.736824,0.0376563,0.043,
38,d006_p18_branched,,0.473452,0.0146655,0.043,
39,d006,,2.40318,0.390662,0.043,
39,D006,,0.7294,0.0420967,0.043,
39,d006_c09,,0.572776,0.0225611,0.043,
39,d006_c11,,0.572914,0.0212181,0.043,
39,d006_c13_shaft_symmetric,,0.917047,0.0419672,0.043,
39,d006_cfa11,,0.214224,0,0.043,
39,d006_cfa13_shaft_symmetric,,0.369877,0,0.043,
39,d006_o11,,0.0942672,0.000427,0.043,
39,d006_o12,,0.0652663,0.00020467,0.043,
39,d006_o13_shaft_symmetric,,0.0994149,0.00047495,0.043,
39,d006_p10,,0.782079,0.0367841,0.043,
39,d006_p11,,1.33644,0.0570075,0.043,
39,d006_p12,,0.867795,0.0235878,0.043,
39,d006_p15,,0.918961,0.0609662,0.043,
39,d006_p18_branched,,0.450722,0.0121417,0.043,
40,d006,,2.43892,0.410975,0.043,
40,D006,,0.7294,0.0420967,0.043,
40,d006_c13_shaft_symmetric,,0.912033,0.0385048,0.043,
40,d006_c15,,0.487366,0.0153346,0.043,
40,d006_cfa13_shaft_symmetric,,0.371334,0,0.043,
40,d006_cfa15,,0.168631,0,0.043,
40,d006_o11,,0.094415,0.0004284,0.043,
40,d006_o12,,0.0652663,0.00020467,0.043,
40,d006_o13_shaft_symmetric,,0.0994149,0.00047495,0.043,
40,d006_p10,,0.79534,0.0424725,0.043,
40,d006_p11,,1.14527,0.0421728,0.043,
40,d006_p12,,0.640322,0.0168204,0.043,
40,d006_p15,,1.08296,0.0767276,0.043,
40,d006_p18_branched,,0.395018,0.0104293,0.043,
41,d006,,2.4422,0.421134,0.043,
41,D006,,0.7294,0.0420967,0.043,
41,d006_c13_shaft_symmetric,,0.978059,0.04612,0.043,
41,d006_c15,,0.705189,0.0306672,0.043,
41,d006_cfa13_shaft_symmetric,,0.388649,0,0.043,
41,d006_cfa15,,0.258341,0,0.043,
41,d006_o11,,0.094415,0.0004284,0.043,
41,d006_o12,,0.0650907,0.000203615,0.043,
41,d006_o13_shaft_symmetric,,0.0994149,0.00047495,0.043,
41,d006_p10,,0.945708,0.0575965,0.043,
41,d006_p11,,0.803084,0.0276389,0.043,
41,d006_p12,,0.593077,0.0171756,0.043,
41,d006_p15,,1.0998,0.0810161,0.043,
41,d006_p18_branched,,0.385935,0.0102345,0.043,
42,d006,,2.47559,0.427646,0.043,
42,D006,,0.7294,0.0420967,0.043,
42,d006_c13_shaft_symmetric,,0.83474,0.0353138,0.043,
42,d006_c15,,0.804733,0.0391634,0.043,
42,d006_cfa13_shaft_symmetric,,0.326303,0,0.043,
42,d006_cfa15,,0.290716,0,0.043,
42,d006_o11,,0.094415,0.0004284,0.043,
42,d006_o12,,0.0650907,0.000203615,0.043,
42,d006_o13_shaft_symmetric,,0.0994149,0.00047495,0.043,
42,d006_p10,,0.984759,0.0648988,0.043,
42,d006_p11,,0.418728,0.00849998,0.043,
42,d006_p12,,0.518318,0.0121965,0.043,
42,d006_p15,,1.17707,0.0837063,0.043,
42,d006_p18_branched,,0.373617,0.00984605,0.043,
43,d006,,2.54881,0.440186,0.043,
43,D006,,0.7294,0.0420967,0.043,
43,d006_c13_shaft_symmetric,,0.891645,0.0462424,0.043,
43,d006_c15,,0.78872,0.038555,0.043,
43,d006_cfa13_shaft_symmetric,,0.338232,0,0.043,
43,d006_cfa15,,0.302896,0,0.043,
43,d006_o11,,0.0942672,0.000427,0.043,
43,d006_o13_shaft_symmetric,,0.0995905,0.00047656,0.043,
43,d006_p10,,0.973114,0.0671746,0.043,
43,d006_p11,,0.274929,0.00307399,0.043,
43,d006_p15,,1.27447,0.0901946,0.043,
43,d006_p18_branched,,0.357736,0.00799023,0.043,
44,d006,,2.55593,0.421472,0.043,
44,D006,,0.7294,0.0420967,0.043,
44,d006_c13_shaft_symmetric,,0.654145,0.0264965,0.043,
44,d006_c15,,0.769694,0.0343387,0.043,
44,d006_cfa13_shaft_symmetric,,0.266587,0,0.043,
44,d006_cfa15,,0.297968,0,0.043,
44,d006_o13_shaft_symmetric,,0.0994149,0.00047495,0.043,
44,d006_o14,,0.0994149,0.00047495,0.043,
44,d006_p10,,0.956939,0.065455,0.043,
44,d006_p14,,0.341487,0.00323014,0.043,
44,d006_p15,,1.38717,0.0970976,0.043,
44,d006_p18_branched,,0.363773,0.00878498,0.043,
45,d006,,2.57824,0.403363,0.043,
45,D006,,0.7294,0.0420967,0.043,
45,d006_c13_shaft_symmetric,,0.583772,0.0195547,0.043,
45,d006_c15,,0.789398,0.0347236,0.043,
45,d006_cfa13_shaft_symmetric,,0.225759,0,0.043,
45,d006_cfa15,,0.320297,0,0.043,
45,d006_o13_shaft_symmetric,,0.0997384,0.00047804,0.043,
45,d006_o14,,0.0994149,0.00047495,0.043,
45,d006_p10,,0.939582,0.0590484,0.043,
45,d006_p14,,0.412269,0.00706389,0.043,
45,d006_p15,,1.37705,0.1178,0.043,
45,d006_p18_branched,,0.727697,0.0280482,0.043,
45,d006_p18_branched,,0.347533,0.00812264,0.043,
45,d006_p20,,0.259978,0.00476821,0.043,
46,d006,,2.36912,0.359921,0.043,
46,D006,,0.7294,0.0420967,0.043,
46,d006_c15,,0.69631,0.0309814,0.043,
46,d006_cfa15,,0.259632,0,0.043,
46,d006_o14,,0.0994149,0.00047495,0.043,
46,d006_o15,,0.0995905,0.00047656,0.043,
46,d006_o16,,0.0994149,0.00047495,0.043,
46,d006_p10,,0.910095,0.0508084,0.043,
46,d006_p14,,0.872031,0.0288274,0.043,
46,d006_p15,,1.54033,0.12148,0.043,
46,d006_p16,,0.424092,0.00746693,0.043,
46,d006_p18_branched,,0.860423,0.0507286,0.043,
46,d006_p18_branched,,0.402519,0.0107071,0.043,
46,d006_p20,,0.543666,0.0203219,0.043,
47,d006,,2.6074,0.402791,0.043,
47,D006,,0.7294,0.0420967,0.043,
47,d006_c15,,0.565012,0.0204626,0.043,
47,d006_cfa15,,0.210333,0,0.043,
47,d006_o14,,0.0994149,0.00047495,0.043,
47,d006_o15,,0.0994149,0.00047495,0.043,
47,d006_o16,,0.0994149,0.00047495,0.043,
47,d006_p10,,0.795975,0.0394878,0.043,
47,d006_p14,,0.914523,0.0321876,0.043,
47,d006_p15,,2.31106,0.158773,0.043,
47,d006_p16,,0.98748,0.0491048,0.043,
47,d006_p18_branched,,1.01346,0.0627687,0.043,
47,d006_p18_branched,,0.60224,0.0225513,0.043,
47,d006_p20,,0.709665,0.0325317,0.043,
48,d006,,2.69972,0.458709,0.043,
48,D006,,0.7294,0.0420967,0.043,
48,d006_o14,,0.0994149,0.00047495,0.043,
48,d006_o15,,0.0994149,0.00047495,0.043,
48,d006_o16,,0.0994149,0.00047495,0.043,
48,d006_p10,,0.764408,0.0384404,0.043,
48,d006_p14,,0.448319,0.0141629,0.043,
48,d006_p14,,0.332978,0.00438221,0.043,
48,d006_p15,,2.01162,0.11501,0.043,
48,d006_p16,,1.0478,0.041812,0.043,
48,d006_p17,,0.699845,0.0266402,0.043,
48,d006_p18_branched,,1.17063,0.0799312,0.043,
48,d006_p18_branched,,1.88803,0.120754,0.043,
48,d006_p20,,0.771267,0.0396339,0.043,
49,d006,,2.9904,0.519351,0.043,
49,D006,,0.7294,0.0420967,0.043,
49,d006_o15,,0.0995905,0.00047656,0.043,
49,d006_o17,,0.0995905,0.00047656,0.043,
49,d006_o18_branched,,0.0994149,0.00047495,0.043,
49,d006_p10,,0.770068,0.0379935,0.043,
49,d006_p14,,0.433975,0.014056,0.043,
49,d006_p15,,1.18107,0.04258,0.043,
49,d006_p16,,0.73658,0.0321646,0.043,
49,d006_p17,,0.950176,0.0565029,0.043,
49,d006_p18_branched,,3.54305,0.332408,0.043,
49,d006_p20,,0.80022,0.0388264,0.043,
50,d006,,3.00712,0.531534,0.043,
50,D006,,0.7294,0.0420967,0.043,
50,d006_c17,,0.323739,0.00725317,0.043,
50,d006_c18a,,0.532118,0.0184752,0.043,
50,d006_cfa17,,0.114657,0,0.043,
50,d006_cfa18a,,0.196596,0,0.043,
50,d006_o15,,0.0994149,0.00047495,0.043,
50,d006_o17,,0.0995905,0.00047656,0.043,
50,d006_o18_branched,,0.0995905,0.00047656,0.043,
50,d006_p10,,0.821797,0.0389649,0.043,
50,d006_p14,,0.372005,0.00919368,0.043,
50,d006_p15,,0.336546,0.00428054,0.043,
50,d006_p16,,0.845177,0.0413974,0.043,
50,d006_p17,,1.58379,0.101051,0.043,
50,d006_p18_branched,,3.72506,0.39434,0.043,
50,d006_p20,,0.818044,0.0396513,0.043,
51,d006,,2.98007,0.541188,0.043,
51,D006,,0.7294,0.0420967,0.043,
51,d006_c17,,0.622084,0.0236346,0.043,
51,d006_c18a,,0.819413,0.0325387,0.043,
51,d006_c20,,0.651403,0.0251384,0.043,
51,d006_cfa17,,0.241176,0,0.043,
51,d006_cfa18a,,0.336432,0,0.043,
51,d006_cfa20,,0.207444,0,0.043,
51,d006_o17,,0.0995629,0.000476425,0.043,
51,d006_o18_branched,,0.0995905,0.00047656,0.043,
51,d006_p10,,0.919941,0.0501858,0.043,
51,d006_p14,,0.37965,0.0101421,0.043,
51,d006_p16,,0.840978,0.0409026,0.043,
51,d006_p17,,1.65353,0.113451,0.043,
51,d006_p18_branched,,3.85677,0.37545,0.043,
51,d006_p20,,0.814453,0.039338,0.043,
52,d006,,2.90856,0.508237,0.043,
52,D006,,0.7294,0.0420967,0.043,
52,d006_c17,,0.675061,0.0302262,0.043,
52,d006_c18a,,1.16555,0.0629443,0.043,
52,d006_c20,,0.657046,0.0260187,0.043,
52,d006_cfa17,,0.267176,0,0.043,
52,d006_cfa18a,,0.499556,0,0.043,
52,d006_cfa20,,0.241019,0,0.043,
52,d006_o17,,0.0995629,0.000476425,0.043,
52,d006_o18_branched,,0.0994149,0.00047495,0.043,
52,d006_p10,,1.08272,0.0725538,0.043,
52,d006_p14,,0.471188,0.0140591,0.043,
52,d006_p16,,1.30265,0.0687029,0.043,
52,d006_p17,,1.63737,0.108203,0.043,
52,d006_p18_branched,,2.48557,0.286226,0.043,
52,d006_p18_branched,,0.712409,0.0192251,0.043,
52,d006_p20,,0.831712,0.0415083,0.043,
52,d006_question,,0.582304,0.0267826,0.043,
53,d006,,2.85201,0.493062,0.043,
53,D006,,0.7294,0.0420967,0.043,
53,d006_c17,,0.739954,0.0285984,0.043,
53,d006_c18a,,1.12742,0.0571473,0.043,
53,d006_c20,,0.681963,0.0299838,0.043,
53,d006_cfa17,,0.30202,0,0.043,
53,d006_cfa18a,,0.499184,0,0.043,
53,d006_cfa20,,0.227949,0,0.043,
53,d006_o17,,0.0997384,0.00047804,0.043,
53,d006_o18_branched,,0.0995905,0.00047656,0.043,
53,d006_p10,,1.32736,0.100592,0.043,
53,d006_p14,,0.710577,0.0342785,0.043,
53,d006_p16,,1.3548,0.105646,0.043,
53,d006_p17,,1.49784,0.0847581,0.043,
53,d006_p18_branched,,2.23366,0.220334,0.043,
53,d006_p18_branched,,0.506219,0.0106194,0.043,
53,d006_p20,,0.830967,0.0431511,0.043,
54,d006,,2.83701,0.488398,0.043,
54,D006,,0.7294,0.0420967,0.043,
54,d006_c17,,0.835067,0.0399615,0.043,
54,d006_c18a,,1.0419,0.0579101,0.043,
54,d006_c20,,0.599747,0.0220932,0.043,
54,d006_cfa17,,0.324229,0,0.043,
54,d006_cfa18a,,0.43238,0,0.043,
54,d006_cfa20,,0.163882,0,0.043,
54,d006_o17,,0.0994149,0.00047495,0.043,
54,d006_o18_branched,,0.0997384,0.00047804,0.043,
54,d006_p10,,1.51646,0.129058,0.043,
54,d006_p14,,1.04495,0.0743189,0.043,
54,d006_p16,,1.30088,0.111672,0.043,
54,d006_p17,,1.10843,0.0545175,0.043,
54,d006_p17,,0.369897,0.00531231,0.043,
54,d006_p18_branched,,1.89041,0.138239,0.043,
54,d006_p20,,0.74342,0.0395973,0.043,
55,d006,,2.85185,0.482082,0.043,
55,D006,,0.7294,0.0420967,0.043,
55,d006_c16,,0.769144,0.0408526,0.043,
55,d006_c17,,0.516088,0.0162144,0.043,
55,d006_c18a,,0.956138,0.0476765,0.043,
55,d006_cfa16,,0.595452,0.0189252,0.043,
55,d006_cfa17,,0.199267,0,0.043,
55,d006_cfa18a,,0.39861,0,0.043,
55,d006_p10,,1.71411,0.14385,0.043,
55,d006_p14,,1.08648,0.0804543,0.043,
55,d006_p16,,1.23122,0.113362,0.043,
55,d006_p17,,0.957995,0.0449126,0.043,
55,d006_p18_branched,,1.47969,0.0903357,0.043,
55,d006_p20,,0.717548,0.03817,0.043,
56,d006,,2.74603,0.472997,0.043,
56,D006,,0.7294,0.0420967,0.043,
56,d006_c14,,0.559509,0.0221467,0.043,
56,d006_c16,,0.652333,0.0295578,0.043,
56,d006_c17,,0.426456,0.00943868,0.043,
56,d006_c18a,,0.790547,0.0350535,0.043,
56,d006_cfa14,,0.1943,0,0.043,
56,d006_cfa16,,0.220806,0,0.043,
56,d006_cfa17,,0.167036,0,0.043,
56,d006_cfa18a,,0.316951,0,0.043,
56,d006_p10,,1.86641,0.170645,0.043,
56,d006_p14,,1.01332,0.0719152,0.043,
56,d006_p16,,0.924115,0.0626458,0.043,
56,d006_p17,,0.8232,0.033825,0.043,
56,d006_p18_branched,,1.14885,0.0516465,0.043,
56,d006_p20,,0.640154,0.0312489,0.043,
57,d006,,2.72486,0.470096,0.043,
57,D006,,0.7294,0.0420967,0.043,
57,d006_c14,,0.644628,0.0279408,0.043,
57,d006_c16,,0.493439,0.0156849,0.043,
57,d006_c17,,0.339232,0.00724263,0.043,
57,d006_cfa14,,0.224744,0,0.043,
57,d006_cfa16,,0.181839,0,0.043,
57,d006_cfa17,,0.120327,0,0.043,
57,d006_o19,,0.0995905,0.00047656,0.043,
57,d006_p10,,1.88089,0.195737,0.043,
57,d006_p14,,0.995167,0.063761,0.043,
57,d006_p16,,0.749863,0.0384159,0.043,
57,d006_p17,,0.674206,0.024621,0.043,
57,d006_p18_branched,,0.849275,0.0290252,0.043,
57,d006_p19,,0.69766,0.0190966,0.043,
57,d006_p20,,0.546444,0.0207461,0.043,
58,d006,,2.77371,0.487051,0.043,
58,D006,,0.7294,0.0420967,0.043,
58,d006_c14,,0.647023,0.0275185,0.043,
58,d006_c16,,0.321989,0.00769169,0.043,
58,d006_c17,,0.228839,0.00366522,0.043,
58,d006_cfa14,,0.240005,0,0.043,
58,d006_cfa16,,0.0961069,0,0.043,
58,d006_cfa17,,0.0594899,0,0.043,
58,d006_o19,,0.0994149,0.00047495,0.043,
58,d006_p10,,1.95496,0.2204,0.043,
58,d006_p14,,0.885001,0.0511481,0.043,
58,d006_p16,,0.540356,0.02039,0.043,
58,d006_p17,,0.515709,0.0135597,0.043,
58,d006_p18_branched,,0.62175,0.0159005,0.043,
58,d006_p19,,1.76399,0.0817022,0.043,
58,d006_p20,,0.464969,0.0131234,0.043,
59,d006,,2.7475,0.464134,0.043,
59,D006,,0.7294,0.0420967,0.043,
59,d006_c10,,0.79012,0.045926,0.043,
59,d006_c14,,0.63923,0.0265393,0.043,
59,d006_cfa10,,0.64549,0.0297949,0.043,
59,d006_cfa14,,0.226733,0,0.043,
59,d006_o19,,0.0995905,0.00047656,0.043,
59,d006_p10,,2.00876,0.240279,0.043,
59,d006_p14,,0.770518,0.0348123,0.043,
59,d006_p18_branched,,0.489823,0.0117281,0.043,
59,d006_p19,,1.9852,0.116994,0.043,
59,d006_p20,,0.423696,0.0105457,0.043,
60,d006,,2.68891,0.458835,0.043,
60,D006,,0.7294,0.0420967,0.043,
60,d006_c10,,1.00784,0.0759812,0.043,
60,d006_c14,,0.343198,0.00844565,0.043,
60,d006_cfa10,,0.506717,0,0.043,
60,d006_cfa14,,0.107669,0,0.043,
60,d006_o19,,0.0994149,0.00047495,0.043,
60,d006_o20,,0.0995905,0.00047656,0.043,
60,d006_p10,,0.732768,-0.0397582,0.043,
60,d006_p10,,2.02804,0.25566,0.043,
60,d006_p14,,0.536394,0.0155473,0.043,
60,d006_p18_branched,,0.378841,0.00776602,0.043,
60,d006_p19,,1.9562,0.105418,0.043,
60,d006_p20,,0.369583,0.00841749,0.043,
60,d006_p20,,0.377903,0.00733342,0.043,
61,d006,,2.71354,0.449903,0.043,
61,D006,,0.7294,0.0420967,0.043,
61,d006_c10,,1.39917,0.0615218,0.043,
61,d006_cfa10,,0.7101,0,0.043,
61,d006_o19,,0.0995905,0.00047656,0.043,
61,d006_o20,,0.0994149,0.00047495,0.043,
61,d006_p10,,2.65375,0.160192,0.043,
61,d006_p18_branched,,0.339741,0.00812905,0.043,
61,d006_p19,,0.50329,0.0100128,0.043,
61,d006_p19,,1.01126,0.0559724,0.043,
61,d006_p20,,1.21767,0.0352625,0.043,
61,d006_p20,,0.392965,0.00837594,0.043,
62,d006,,2.61766,0.429616,0.043,
62,D006,,0.7294,0.0420967,0.043,
62,d006_c10,,1.40087,0.06915,0.043,
62,d006_cfa10,,0.682605,0,0.043,
62,d006_o20,,0.0995905,0.00047656,0.043,
62,d006_p10,,2.16109,0.135006,0.043,
62,d006_p18_branched,,0.370833,0.0104545,0.043,
62,d006_p19,,0.966816,0.0576515,0.043,
62,d006_p20,,1.50294,0.0504469,0.043,
63,D006,,0.7294,0.0420967,0.043,
63,d006,,2.58903,0.419737,0.043,
63,d006_c10,,0.558926,0.0219338,0.043,
63,d006_c10,,0.585161,0.0212109,0.043,
63,d006_c19,,0.461066,0.0134761,0.043,
63,d006_cfa10,,0.201484,0,0.043,
63,d006_cfa10,,0.232662,0,0.043,
63,d006_cfa19,,0.152332,0,0.043,
63,d006_o20,,0.0995905,0.00047656,0.043,
63,d006_p10,,2.15386,0.128467,0.043,
63,d006_p18_branched,,0.365883,0.00978003,0.043,
63,d006_p19,,0.940175,0.050893,0.043,
63,d006_p20,,0.827461,0.0218981,0.043,
64,D006,,0.7294,0.0420967,0.043,
64,d006,,2.4049,0.36776,0.043,
64,d006_c10,,0.750955,0.0365136,0.043,
64,d006_c10,,0.472768,0.0158004,0.043,
64,d006_c19,,0.448124,0.0128653,0.043,
64,d006_cfa10,,0.306729,0,0.043,
64,d006_cfa10,,0.149605,0,0.043,
64,d006_cfa19,,0.151913,0,0.043,
64,d006_p10,,1.67915,0.0935672,0.043,
64,d006_p18_branched,,0.375379,0.00971577,0.043,
64,d006_p19,,0.790788,0.0374678,0.043,
65,D006,,0.7294,0.0420967,0.043,
65,d006,,2.09203,0.270719,0.043,
65,d006_c10,,0.913521,0.0417148,0.043,
65,d006_c19,,0.383809,0.0102709,0.043,
65,d006_c21a,,0.37278,0.00951232,0.043,
65,d006_cfa10,,0.390997,0,0.043,
65,d006_cfa19,,0.126954,0,0.043,
65,d006_cfa21a,,0.127764,0,0.043,
65,d006_p10,,1.32589,0.0582996,0.043,
65,d006_p19,,0.510811,0.0182969,0.043,
65,d006_p21,,0.679596,0.0325482,0.043,
65,d006_p22_branched,,0.537554,0.0220202,0.043,
66,D006,,0.7294,0.0420967,0.043,
66,d006,,2.05996,0.254441,0.043,
66,d006_c10,,0.645942,0.0288798,0.043,
66,d006_c19,,0.268772,0.00517253,0.043,
66,d006_c21a,,0.415308,0.0118761,0.043,
66,d006_cfa10,,0.22594,0,0.043,
66,d006_cfa19,,0.0805527,0,0.043,
66,d006_cfa21a,,0.139124,0,0.043,
66,d006_o21_branched,,0.0881491,0.00037335,0.043,
66,d006_p10,,1.33047,0.05772,0.043,
66,d006_p19,,0.351001,0.00783403,0.043,
66,d006_p21,,0.799832,0.0363021,0.043,
66,d006_p22_branched,,0.626153,0.0288562,0.043,
67,d006,,2.0575,0.25883,0.043,
67,D006,,0.7294,0.0420967,0.043,
67,d006_c21a,,0.424589,0.0124759,0.043,
67,d006_c22a,,0.255799,0.00476867,0.043,
67,d006_cfa21a,,0.139855,0,0.043,
67,d006_cfa22a,,0.0774249,0,0.043,
67,d006_o21_branched,,0.0881491,0.00037335,0.043,
67,d006_p10,,1.29979,0.0506168,0.043,
67,d006_p21,,0.928054,0.0428227,0.043,
67,d006_p21,,0.298649,0.00434915,0.043,
67,d006_p22_branched,,0.650207,0.0304712,0.043,
68,d006,,2.10606,0.282115,0.043,
68,D006,,0.7294,0.0420967,0.043,
68,d006_c21a,,0.416328,0.0120583,0.043,
68,d006_c22a,,0.36789,0.00853582,0.043,
68,d006_cfa21a,,0.136808,0,0.043,
68,d006_cfa22a,,0.138549,0,0.043,
68,d006_o21_branched,,0.0881491,0.00037335,0.043,
68,d006_p10,,1.22439,0.0430285,0.043,
68,d006_p21,,1.53063,0.064036,0.043,
68,d006_p22_branched,,0.864793,0.0423896,0.043,
69,d006,,2.16294,0.286612,0.043,
69,D006,,0.7294,0.0420967,0.043,
69,d006_c21a,,0.396699,0.0108534,0.043,
69,d006_c22a,,0.445834,0.0130708,0.043,
69,d006_cfa21a,,0.127588,0,0.043,
69,d006_cfa22a,,0.15406,0,0.043,
69,d006_o21_branched,,0.0879735,0.000371925,0.043,
69,d006_p10,,1.05158,0.0371124,0.043,
69,d006_p21,,1.53876,0.0615269,0.043,
69,d006_p22_branched,,1.35831,0.0750803,0.043,
70,d006,,2.24848,0.308333,0.043,
70,D006,,0.7294,0.0420967,0.043,
70,d006_c21a,,0.384518,0.010167,0.043,
70,d006_c22a,,0.448238,0.0120341,0.043,
70,d006_cfa21a,,0.115038,0,0.043,
70,d006_cfa22a,,0.168687,0,0.043,
70,d006_o21_branched,,0.0881491,0.00037335,0.043,
70,d006_o22_branched,,0.0881491,0.00037335,0.043,
70,d006_p10,,0.54844,0.014716,0.043,
70,d006_p21,,0.652675,0.0263309,0.043,
70,d006_p21,,0.422788,0.00891525,0.043,
70,d006_p22_branched,,0.247851,0.00150439,0.043,
70,d006_p22_branched,,1.61191,0.0986949,0.043,
71,d006,,2.18501,0.298889,0.043,
71,D006,,0.7294,0.0420967,0.043,
71,d006_c21b,,0.265775,0.005239,0.043,
71,d006_c22a,,0.444428,0.0124091,0.043,
71,d006_cfa21b,,0.0615081,0,0.043,
71,d006_cfa22a,,0.164101,0,0.043,
71,d006_o22_branched,,0.0879735,0.000371925,0.043,
71,d006_p21,,1.09145,0.0472228,0.043,
71,d006_p22_branched,,2.09816,0.112996,0.043,
72,d006,,2.10082,0.272848,0.043,
72,D006,,0.7294,0.0420967,0.043,
72,d006_c21b,,0.358722,0.00947437,0.043,
72,d006_c22a,,0.458006,0.012348,0.043,
72,d006_c26,,0.166658,0.00208372,0.043,
72,d006_cfa21b,,0.0909448,0,0.043,
72,d006_cfa22a,,0.166065,0,0.043,
72,d006_cfa26,,0.0443717,0,0.043,
72,d006_o22_branched,,0.0882969,0.00037466,0.043,
72,d006_p21,,0.938738,0.0440555,0.043,
72,d006_p22_branched,,0.84957,0.0409106,0.043,
72,d006_p22_branched,,1.23019,0.0480329,0.043,
72,d006_p26,,0.286639,0.00613578,0.043,
73,d006,,2.1707,0.285167,0.043,
73,D006,,0.7294,0.0420967,0.043,
73,d006_c22a,,0.340188,0.00784329,0.043,
73,d006_c26,,0.321874,0.00654174,0.043,
73,d006_cfa22a,,0.11057,0,0.043,
73,d006_cfa26,,0.111877,0,0.043,
73,d006_o22_branched,,0.0879735,0.000371925,0.043,
73,d006_p21,,0.813762,0.0402379,0.043,
73,d006_p22_branched,,0.661112,0.0208493,0.043,
73,d006_p22_branched,,0.843577,0.0323571,0.043,
73,d006_p26,,0.435046,0.0129938,0.043,
74,d006,,2.04265,0.251897,0.043,
74,D006,,0.7294,0.0420967,0.043,
74,d006_c26,,0.410637,0.0109914,0.043,
74,d006_cfa26,,0.14298,0,0.043,
74,d006_o22_branched,,0.0882969,0.00037466,0.043,
74,d006_p21,,0.646899,0.026521,0.043,
74,d006_p22_branched,,0.224222,0.0034641,0.043,
74,d006_p22_branched,,0.275809,0.00282856,0.043,
74,d006_p22_branched,,0.579192,0.0241998,0.043,
74,d006_p26,,0.519041,0.0189839,0.043,
75,D006,,0.7294,0.0420967,0.043,
75,d006,,2.01731,0.238879,0.043,
75,d006_c26,,0.365796,0.00909699,0.043,
75,d006_cfa26,,0.131904,0,0.043,
75,d006_p21,,0.240709,0.00335442,0.043,
75,d006_p22_branched,,0.470483,0.0163113,0.043,
75,d006_p26,,0.603518,0.0221065,0.043,
76,D006,,0.7294,0.0420967,0.043,
76,d006,,2.10408,0.238848,0.043,
76,d006_p22_branched,,0.440092,0.0146102,0.043,
76,d006_p26,,0.621838,0.0275011,0.043,
77,d006,,2.00195,0.230032,0.043,
77,D006,,0.7294,0.0420967,0.043,
77,d006_o23,,0.0879735,0.000371925,0.043,
77,d006_p22_branched,,0.388254,0.0114511,0.043,
77,d006_p23,,0.27174,0.00322841,0.043,
77,d006_p26,,0.579426,0.0244591,0.043,
78,d006,,2.00433,0.233023,0.043,
78,D006,,0.7294,0.0420967,0.043,
78,d006_o23,,0.0882969,0.00037466,0.043,
78,d006_p22_branched,,0.414109,0.0120226,0.043,
78,d006_p23,,0.355271,0.00645437,0.043,
78,d006_p26,,0.457001,0.0146133,0.043,
79,d006,,2.00485,0.245226,0.043,
79,D006,,0.7294,0.0420967,0.043,
79,d006_o23,,0.0881491,0.00037335,0.043,
79,d006_p22_branched,,0.384032,0.0104755,0.043,
79,d006_p23,,0.424315,0.00867357,0.043,
79,d006_p24,,0.446584,0.0136711,0.043,
79,d006_p26,,0.408051,0.0115993,0.043,
80,d006,,2.09045,0.263153,0.043,
80,D006,,0.7294,0.0420967,0.043,
80,d006_c24,,0.366028,0.00896336,0.043,
80,d006_cfa24,,0.11223,0,0.043,
80,d006_o23,,0.0879735,0.000371925,0.043,
80,d006_p22_branched,,0.479707,0.0160062,0.043,
80,d006_p23,,0.599461,0.01283,0.043,
80,d006_p24,,0.738457,0.0365266,0.043,
80,d006_p26,,0.321162,0.00701945,0.043,
81,d006,,2.03146,0.25611,0.043,
81,D006,,0.7294,0.0420967,0.043,
81,d006_c24,,0.64912,0.0238453,0.043,
81,d006_cfa24,,0.258468,0,0.043,
81,d006_o23,,0.0882969,0.00037466,0.043,
81,d006_o24,,0.0882969,0.00037466,0.043,
81,d006_p22_branched,,0.557904,0.0221043,0.043,
81,d006_p23,,0.79716,0.0205255,0.043,
81,d006_p24,,1.16459,0.0639963,0.043,
81,d006_p26,,0.327991,0.00744134,0.043,
82,d006,,2.03504,0.267975,0.043,
82,D006,,0.7294,0.0420967,0.043,
82,d006_c24,,0.603124,0.0235801,0.043,
82,d006_c25_shaft_symmetric,,0.49611,0.0141512,0.043,
82,d006_cfa24,,0.23598,0,0.043,
82,d006_cfa25_shaft_symmetric,,0.173529,0,0.043,
82,d006_o23,,0.0882969,0.00037466,0.043,
82,d006_o24,,0.0881491,0.00037335,0.043,
82,d006_p22_branched,,0.43651,0.0106823,0.043,
82,d006_p22_branched,,0.823377,0.0386493,0.043,
82,d006_p23,,0.97086,0.0385496,0.043,
82,d006_p24,,1.63564,0.0983917,0.043,
82,d006_p26,,0.356226,0.00867408,0.043,
83,d006,,2.1255,0.277251,0.043,
83,D006,,0.7294,0.0420967,0.043,
83,d006_c24,,0.590234,0.0191609,0.043,
83,d006_c25_shaft_symmetric,,0.643204,0.0204721,0.043,
83,d006_cfa24,,0.234097,0,0.043,
83,d006_cfa25_shaft_symmetric,,0.253498,0,0.043,
83,d006_o23,,0.0881214,0.00037323,0.043,
83,d006_o24,,0.0882969,0.00037466,0.043,
83,d006_o25_shaft_symmetric,,0.0881491,0.00037335,0.043,
83,d006_o26,,0.0882969,0.00037466,0.043,
83,d006_p22_branched,,1.20877,0.0848188,0.043,
83,d006_p23,,0.837842,0.0285846,0.043,
83,d006_p23,,0.263184,0.00202184,0.043,
83,d006_p23,,0.801314,0.0341002,0.043,
83,d006_p24,,1.63834,0.101499,0.043,
83,d006_p26,,0.416907,0.00966013,0.043,
84,d006,,2.13428,0.2841,0.043,
84,D006,,0.7294,0.0420967,0.043,
84,d006_c22b,,0.466324,0.0148499,0.043,
84,d006_c24,,0.505107,0.0144403,0.043,
84,d006_c25_shaft_symmetric,,0.73932,0.0266434,0.043,
84,d006_cfa22b,,0.162983,0,0.043,
84,d006_cfa24,,0.189914,0,0.043,
84,d006_cfa25_shaft_symmetric,,0.278703,0,0.043,
84,d006_o24,,0.0881214,0.00037323,0.043,
84,d006_o25_shaft_symmetric,,0.0881491,0.00037335,0.043,
84,d006_o26,,0.0881491,0.00037335,0.043,
84,d006_p22_branched,,1.23987,0.0920491,0.043,
84,d006_p23,,1.16175,0.0425704,0.043,
84,d006_p23,,0.87146,0.0425216,0.043,
84,d006_p24,,0.355666,0.00491955,0.043,
84,d006_p24,,1.14824,0.0703127,0.043,
84,d006_p26,,0.820261,0.0190529,0.043,
85,d006,,2.06456,0.280446,0.043,
85,D006,,0.7294,0.0420967,0.043,
85,d006_c22b,,0.515928,0.0176858,0.043,
85,d006_c25_shaft_symmetric,,0.761753,0.0262213,0.043,
85,d006_cfa22b,,0.190552,0,0.043,
85,d006_cfa25_shaft_symmetric,,0.292311,0,0.043,
85,d006_o24,,0.0881491,0.00037335,0.043,
85,d006_o25_shaft_symmetric,,0.0882969,0.00037466,0.043,
85,d006_o26,,0.0882969,0.00037466,0.043,
85,d006_p22_branched,,1.20075,0.0911518,0.043,
85,d006_p23,,1.6095,0.0633542,0.043,
85,d006_p23,,0.450618,0.0114406,0.043,
85,d006_p23,,0.944371,0.0520688,0.043,
85,d006_p24,,0.927246,0.0515759,0.043,
85,d006_p26,,0.714817,0.0238211,0.043,
86,d006,,2.10052,0.291982,0.043,
86,D006,,0.7294,0.0420967,0.043,
86,d006_c22b,,0.568222,0.0204047,0.043,
86,d006_c25_shaft_symmetric,,0.637384,0.0202655,0.043,
86,d006_cfa22b,,0.219122,0,0.043,
86,d006_cfa25_shaft_symmetric,,0.237537,0,0.043,
86,d006_o25_shaft_symmetric,,0.0882969,0.00037466,0.043,
86,d006_o26,,0.0881214,0.00037323,0.043,
86,d006_p22_branched,,1.1665,0.0814023,0.043,
86,d006_p23,,1.69463,0.0778668,0.043,
86,d006_p23,,0.766851,0.0387352,0.043,
86,d006_p23,,1.07889,0.0631985,0.043,
86,d006_p24,,0.463516,0.0154572,0.043,
86,d006_p26,,0.545174,0.0130686,0.043,
87,d006,,2.15793,0.303531,0.043,
87,D006,,0.7294,0.0420967,0.043,
87,d006_c22b,,0.577746,0.0205606,0.043,
87,d006_c23,,0.944171,0.0260859,0.043,
87,d006_c25_shaft_symmetric,,0.792873,0.0269524,0.043,
87,d006_cfa22b,,0.222156,0,0.043,
87,d006_cfa23,,0.42071,0,0.043,
87,d006_cfa25_shaft_symmetric,,0.303924,0,0.043,
87,d006_o25_shaft_symmetric,,0.0881491,0.00037335,0.043,
87,d006_o26,,0.0879735,0.000371925,0.043,
87,d006_p22_branched,,1.09806,0.0797633,0.043,
87,d006_p23,,1.24746,0.0696715,0.043,
87,d006_p23,,1.89765,0.0874123,0.043,
87,d006_p23,,1.66943,0.0823056,0.043,
87,d006_p26,,0.429032,0.00671099,0.043,
88,d006,,2.09144,0.30203,0.043,
88,D006,,0.7294,0.0420967,0.043,
88,d006_c22b,,0.58606,0.020621,0.043,
88,d006_c23,,0.528625,0.0159681,0.043,
88,d006_c23,,1.16048,0.0980731,0.043,
88,d006_c25_shaft_symmetric,,0.718098,0.023612,0.043,
88,d006_cfa22b,,0.223067,0,0.043,
88,d006_cfa23,,0.20821,0,0.043,
88,d006_cfa23,,0.723734,0,0.043,
88,d006_cfa25_shaft_symmetric,,0.292294,0,0.043,
88,d006_o25_shaft_symmetric,,0.0881214,0.00037323,0.043,
88,d006_o26,,0.0881491,0.00037335,0.043,
88,d006_p22_branched,,1.07035,0.0774139,0.043,
88,d006_p23,,4.40352,0.305995,0.043,
88,d006_p26,,0.421681,0.00741191,0.043,
89,d006,,2.13019,0.312467,0.043,
89,D006,,0.7294,0.0420967,0.043,
89,d006_c22b,,0.529204,0.0188696,0.043,
89,d006_c23,,1.54663,0.0958619,0.043,
89,d006_c25_shaft_symmetric,,0.664066,0.0206249,0.043,
89,d006_cfa22b,,0.189329,0,0.043,
89,d006_cfa23,,0.449696,0,0.043,
89,d006_cfa23,,0.83827,0.035451,0.043,
89,d006_cfa25_shaft_symmetric,,0.261275,0,0.043,
89,d006_o25_shaft_symmetric,,0.0882969,0.00037466,0.043,
89,d006_o26,,0.0879735,0.000371925,0.043,
89,d006_p22_branched,,1.09578,0.0799822,0.043,
89,d006_p23,,3.5848,0.348438,0.043,
89,d006_p26,,0.404215,0.00673715,0.043,
89,d006_p33,,0.352542,0.00831859,0.043,
90,d006,,2.09715,0.305349,0.043,
90,D006,,0.7294,0.0420967,0.043,
90,d006_c22b,,0.422401,0.0122481,0.043,
90,d006_c23,,1.05871,0.0434217,0.043,
90,d006_c25_shaft_symmetric,,0.647255,0.0237377,0.043,
90,d006_c27,,0.647401,0.029641,0.043,
90,d006_cfa22b,,0.14473,0,0.043,
90,d006_cfa23,,0.502571,0,0.043,
90,d006_cfa25_shaft_symmetric,,0.24457,0,0.043,
90,d006_o25_shaft_symmetric,,0.0882969,0.00037466,0.043,
90,d006_o26,,0.0881214,0.00037323,0.043,
90,d006_p22_branched,,1.03721,0.0732755,0.043,
90,d006_p23,,3.50735,0.316285,0.043,
90,d006_p26,,0.283449,0.00382362,0.043,
90,d006_p33,,0.489468,0.0158675,0.043,
91,D006,,0.7294,0.0420967,0.043,
91,d006,,2.17008,0.303063,0.043,
91,d006_c22b,,0.313855,0.00725577,0.043,
91,d006_c23,,1.02639,0.0434314,0.043,
91,d006_c25_shaft_symmetric,,0.277305,0.00513109,0.043,
91,d006_c27,,0.823004,0.0506098,0.043,
91,d006_cfa22b,,0.0812121,0,0.043,
91,d006_cfa23,,0.508177,0,0.043,
91,d006_cfa25_shaft_symmetric,,0.0819564,0,0.043,
91,d006_cfa27,,0.647401,0.029641,0.043,
91,d006_mt_mid,,0.0315273,7.459e-05,0.043,
91,d006_mt_mid,,0.0315273,7.459e-05,0.043,
91,d006_mt_mid,,0.0318676,7.623e-05,0.043,
91,d006_mt_mid,,0.0315273,7.459e-05,0.043,
91,d006_mt_mid,,0.0315273,7.459e-05,0.043,
91,d006_mt_mid,,0.0317273,7.557e-05,0.043,
91,d006_mt_mid,,0.0315859,7.4915e-05,0.043,
91,d006_mt_mid,,0.0318676,7.623e-05,0.043,
91,d006_mt_mid,,0.0316676,7.524e-05,0.043,
91,d006_mt_mid,,0.0315273,7.459e-05,0.043,
91,d006_mt_mid,,0.0316676,7.524e-05,0.043,
91,d006_mt_mid,,0.0318676,7.623e-05,0.043,
91,d006_mt_mid,,0.0317273,7.557e-05,0.043,
91,d006_mt_mid,,0.0316676,7.524e-05,0.043,
91,d006_mt_mid,,0.0315273,7.459e-05,0.043,
91,d006_p22_branched,,0.885062,0.0540008,0.043,
91,d006_p23,,4.0037,0.287125,0.043,
91,d006_p27,,0.946027,0.0555227,0.043,
91,d006_p33,,0.496855,0.0163091,0.043,
92,D006,,0.7294,0.0420967,0.043,
92,d006,,2.28714,0.315678,0.043,
92,d006_c23,,0.946461,0.0353322,0.043,
92,d006_cfa23,,0.441869,0,0.043,
92,d006_o28,,0.0882969,0.00037466,0.043,
92,d006_p22_branched,,0.662991,0.0264105,0.043,
92,d006_p23,,3.21601,0.249563,0.043,
92,d006_p27,,1.18156,0.0780732,0.043,
92,d006_p33,,0.567114,0.0203645,0.043,
93,d006,,2.43632,0.353222,0.043,
93,D006,,0.7294,0.0420967,0.043,
93,d006_c23,,1.16886,0.0392298,0.043,
93,d006_cfa23,,0.530226,0,0.043,
93,d006_o27,,0.0881491,0.00037335,0.043,
93,d006_o28,,0.0881214,0.00037323,0.043,
93,d006_p23,,3.07147,0.241491,0.043,
93,d006_p27,,1.65276,0.123971,0.043,
93,d006_p28,,0.512184,0.012802,0.043,
93,d006_p33,,0.662656,0.0250978,0.043,
94,d006,,2.42772,0.353708,0.043,
94,D006,,0.7294,0.0420967,0.043,
94,d006_c23,,1.01432,0.0344575,0.043,
94,d006_cfa23,,0.462261,0,0.043,
94,d006_o27,,0.0881491,0.00037335,0.043,
94,d006_o28,,0.0881491,0.00037335,0.043,
94,d006_o29,,0.0879735,0.000371925,0.043,
94,d006_p23,,2.71359,0.195506,0.043,
94,d006_p27,,1.51137,0.0858638,0.043,
94,d006_p28,,0.278015,0.00507974,0.043,
94,d006_p28,,1.00901,0.0399277,0.043,
94,d006_p29,,0.308196,0.00444983,0.043,
94,d006_p33,,0.624878,0.0217021,0.043,
95,d006,,2.1823,0.302927,0.043,
95,D006,,0.7294,0.0420967,0.043,
95,d006_c23,,0.789816,0.023532,0.043,
95,d006_cfa23,,0.310498,0,0.043,
95,d006_o27,,0.0882969,0.00037466,0.043,
95,d006_o28,,0.0881214,0.00037323,0.043,
95,d006_o29,,0.0879735,0.000371925,0.043,
95,d006_p23,,2.28145,0.136492,0.043,
95,d006_p27,,1.17267,0.048477,0.043,
95,d006_p28,,1.64947,0.0857575,0.043,
95,d006_p29,,0.400839,0.00651729,0.043,
95,d006_p33,,0.645306,0.0186993,0.043,
95,d006_p36,,0.657821,0.0296224,0.043,
96,d006,,1.98404,0.268943,0.043,
96,D006,,0.7294,0.0420967,0.043,
96,d006_c28,,0.322747,0.00764652,0.043,
96,d006_cfa28,,0.0885824,0,0.043,
96,d006_mt_mid2,,0.0312444,7.329e-05,0.043,
96,d006_mt_mid2,,0.0312444,7.329e-05,0.043,
96,d006_mt_mid2,,0.031387,7.394e-05,0.043,
96,d006_mt_mid2,,0.0312444,7.329e-05,0.043,
96,d006_mt_mid2,,0.031387,7.394e-05,0.043,
96,d006_mt_mid2,,0.0313273,7.361e-05,0.043,
96,d006_mt_mid2,,0.0313019,7.361e-05,0.043,
96,d006_mt_mid2,,0.0312444,7.329e-05,0.043,
96,d006_mt_mid2,,0.0312444,7.329e-05,0.043,
96,d006_mt_mid2,,0.0311859,7.2965e-05,0.043,
96,d006_mt_mid2,,0.0312444,7.329e-05,0.043,
96,d006_mt_mid2,,0.0313019,7.361e-05,0.043,
96,d006_mt_mid2,,0.0312444,7.329e-05,0.043,
96,d006_mt_mid2,,0.031387,7.394e-05,0.043,
96,d006_mt_mid2,,0.0313019,7.361e-05,0.043,
96,d006_o27,,0.0881214,0.00037323,0.043,
96,d006_o29,,0.0879735,0.000371925,0.043,
96,d006_p23,,1.46366,0.0931464,0.043,
96,d006_p28,,1.29798,0.0833438,0.043,
96,d006_p29,,0.731879,0.0204172,0.043,
96,d006_p33,,0.700988,0.0197234,0.043,
96,d006_p36,,0.725577,0.0373168,0.043,
97,d006,,2.07614,0.277789,0.043,
97,D006,,0.7294,0.0420967,0.043,
97,d006_c28,,0.445623,0.0126617,0.043,
97,d006_c31,,0.829969,0.0375504,0.043,
97,d006_cfa28,,0.15495,0,0.043,
97,d006_cfa31,,0.117624,0,0.043,
97,d006_o29,,0.0881491,0.00037335,0.043,
97,d006_p23,,0.819927,0.0415256,0.043,
97,d006_p28,,1.20795,0.0737536,0.043,
97,d006_p29,,0.880199,0.0256079,0.043,
97,d006_p31,,0.650258,0.0185322,0.043,
97,d006_p33,,0.762391,0.0264963,0.043,
97,d006_p36,,0.912714,0.0451447,0.043,
98,d006,,1.95572,0.245781,0.043,
98,D006,,0.7294,0.0420967,0.043,
98,d006_c28,,0.457613,0.013448,0.043,
98,d006_c31,,0.987373,0.0683238,0.043,
98,d006_cfa28,,0.15965,0,0.043,
98,d006_cfa31,,0.80726,0.0327342,0.043,
98,d006_o29,,0.0881491,0.00037335,0.043,
98,d006_p28,,0.909811,0.0468746,0.043,
98,d006_p29,,1.03798,0.0289079,0.043,
98,d006_p31,,1.07941,0.0681954,0.043,
98,d006_p33,,0.800007,0.02658,0.043,
98,d006_p36,,0.951938,0.0395392,0.043,
99,D006,,0.7294,0.0420967,0.043,
99,d006,,1.97291,0.256262,0.043,
99,d006_c28,,0.445419,0.0125241,0.043,
99,d006_c31,,0.838884,0.0509533,0.043,
99,d006_c33a,,0.30782,0.00663852,0.043,
99,d006_c36,,0.501949,0.0168017,0.043,
99,d006_cfa28,,0.150675,0,0.043,
99,d006_cfa31,,0.609278,0.0249924,0.043,
99,d006_cfa31,,0.23939,0,0.043,
99,d006_cfa33a,,0.103598,0,0.043,
99,d006_cfa36,,0.171925,0,0.043,
99,d006_p28,,0.766134,0.0328625,0.043,
99,d006_p29,,0.493659,0.0117924,0.043,
99,d006_p31,,1.29329,0.122739,0.043,
99,d006_p33,,0.883536,0.028347,0.043,
99,d006_p36,,0.240695,0.00430228,0.043,
99,d006_p36,,1.19551,0.0604444,0.043,
100,D006,,0.7294,0.0420967,0.043,
100,d006,,1.95448,0.237752,0.043,
100,d006_c28,,0.422161,0.0120432,0.043,
100,d006_c33a,,0.56621,0.0181859,0.043,
100,d006_c36,,0.672837,0.0273529,0.043,
100,d006_cfa28,,0.137055,0,0.043,
100,d006_cfa33a,,0.239141,0,0.043,
100,d006_cfa36,,0.259879,0,0.043,
100,d006_p28,,0.610867,0.0230687,0.043,
100,d006_p29,,0.469904,0.0121521,0.043,
100,d006_p31,,1.31394,0.120535,0.043,
100,d006_p33,,1.1055,0.0394638,0.043,
100,d006_p36,,0.269386,0.00530485,0.043,
100,d006_p36,,1.57413,0.0839053,0.043,
101,D006,,0.7294,0.0420967,0.043,
101,d006,,2.05174,0.264393,0.043,
101,d006_c28,,0.35064,0.00878628,0.043,
101,d006_c33a,,0.768018,0.0309999,0.043,
101,d006_c33b,,0.643198,0.0288578,0.043,
101,d006_c36,,0.736794,0.0267491,0.043,
101,d006_cfa28,,0.109441,0,0.043,
101,d006_cfa33a,,0.320579,0,0.043,
101,d006_cfa36,,0.309096,0,0.043,
101,d006_p28,,0.539535,0.0188308,0.043,
101,d006_p29,,0.588946,0.0204833,0.043,
101,d006_p31,,1.23478,0.108255,0.043,
101,d006_p32,,0.228658,0.00371311,0.043,
101,d006_p33,,1.27359,0.0514428,0.043,
101,d006_p36,,0.276777,0.00575645,0.043,
101,d006_p36,,1.85536,0.111705,0.043,
102,d006,,2.09478,0.284092,0.043,
102,D006,,0.7294,0.0420967,0.043,
102,d006_c33a,,0.896483,0.0402494,0.043,
102,d006_c33b,,0.665117,0.0321381,0.043,
102,d006_c36,,0.750588,0.028596,0.043,
102,d006_cfa33a,,0.365721,0,0.043,
102,d006_cfa33b,,0.643198,0.0288578,0.043,
102,d006_cfa36,,0.298458,0,0.043,
102,d006_o30,,0.0882969,0.00037466,0.043,
102,d006_p28,,0.380545,0.0103486,0.043,
102,d006_p29,,0.722736,0.0279036,0.043,
102,d006_p30,,0.303432,0.00631144,0.043,
102,d006_p30,,0.332605,0.00518612,0.043,
102,d006_p31,,1.18362,0.0950196,0.043,
102,d006_p32,,0.253419,0.00449255,0.043,
102,d006_p33,,0.701236,0.0349885,0.043,
102,d006_p33,,1.4538,0.0598069,0.043,
102,d006_p36,,0.279844,0.0057947,0.043,
102,d006_p36,,2.13507,0.132296,0.043,
103,d006,,2.08133,0.288015,0.043,
103,D006,,0.7294,0.0420967,0.043,
103,d006_c33a,,1.04768,0.0506727,0.043,
103,d006_c36,,0.831295,0.0360536,0.043,
103,d006_cfa33a,,0.457642,0,0.043,
103,d006_cfa36,,0.334205,0,0.043,
103,d006_o30,,0.0882969,0.00037466,0.043,
103,d006_p29,,0.838615,0.0408561,0.043,
103,d006_p30,,0.513758,0.0176786,0.043,
103,d006_p30,,0.660779,0.0174675,0.043,
103,d006_p31,,0.925843,0.0548556,0.043,
103,d006_p32,,0.19579,0.0028105,0.043,
103,d006_p33,,2.26959,0.100398,0.043,
103,d006_p33,,0.767723,0.0409997,0.043,
103,d006_p36,,0.29776,0.0057676,0.043,
103,d006_p36,,2.15235,0.130494,0.043,
104,d006,,2.08368,0.281752,0.043,
104,D006,,0.7294,0.0420967,0.043,
104,d006_c33a,,0.444674,0.0129083,0.043,
104,d006_c33a,,0.66679,0.0255774,0.043,
104,d006_c36,,0.708248,0.0261005,0.043,
104,d006_cfa33a,,0.277481,0,0.043,
104,d006_cfa33a,,0.164859,0,0.043,
104,d006_cfa36,,0.290653,0,0.043,
104,d006_o30,,0.0881491,0.00037335,0.043,
104,d006_p29,,0.873167,0.0433105,0.043,
104,d006_p30,,1.44865,0.0613132,0.043,
104,d006_p31,,0.699161,0.0334514,0.043,
104,d006_p32,,0.202449,0.00276312,0.043,
104,d006_p33,,0.821876,0.0438418,0.043,
104,d006_p33,,2.39079,0.116308,0.043,
104,d006_p36,,0.366967,0.00833627,0.043,
104,d006_p36,,2.09059,0.135337,0.043,
105,D006,,0.7294,0.0420967,0.043,
105,d006,,2.06376,0.29251,0.043,
105,d006_c29,,0.261887,0.00503474,0.043,
105,d006_c30,,0.403024,0.0104432,0.043,
105,d006_c33a,,1.15476,0.0469156,0.043,
105,d006_c36,,0.699481,0.0250069,0.043,
105,d006_cfa29,,0.0667685,0,0.043,
105,d006_cfa30,,0.133846,0,0.043,
105,d006_cfa33a,,0.513847,0,0.043,
105,d006_cfa36,,0.294378,0,0.043,
105,d006_p29,,0.771234,0.0382325,0.043,
105,d006_p30,,1.13034,0.0603736,0.043,
105,d006_p31,,0.554501,0.0231747,0.043,
105,d006_p32,,0.223444,0.00367318,0.043,
105,d006_p33,,0.775801,0.0408984,0.043,
105,d006_p33,,2.52845,0.155765,0.043,
105,d006_p36,,0.49954,0.0153331,0.043,
105,d006_p36,,2.10196,0.139635,0.043,
106,D006,,0.7294,0.0420967,0.043,
106,d006,,2.04116,0.277984,0.043,
106,d006_c29,,0.389492,0.009977,0.043,
106,d006_c30,,0.480393,0.0152516,0.043,
106,d006_c33a,,1.31037,0.0533421,0.043,
106,d006_c36,,0.487153,0.0137812,0.043,
106,d006_c36,,1.02949,0.0382509,0.043,
106,d006_cfa29,,0.140065,0,0.043,
106,d006_cfa30,,0.164391,0,0.043,
106,d006_cfa33a,,0.601891,0,0.043,
106,d006_cfa36,,0.187365,0,0.043,
106,d006_cfa36,,0.465704,0,0.043,
106,d006_o31,,0.0881491,0.00037335,0.043,
106,d006_p29,,0.735243,0.0360416,0.043,
106,d006_p30,,1.08096,0.0577233,0.043,
106,d006_p31,,0.502384,0.0181951,0.043,
106,d006_p32,,0.224172,0.00375437,0.043,
106,d006_p33,,0.725604,0.0351653,0.043,
106,d006_p33,,2.44809,0.187048,0.043,
106,d006_p36,,0.549844,0.0174659,0.043,
106,d006_p36,,2.10419,0.15588,0.043,
107,d006,,2.09319,0.283474,0.043,
107,D006,,0.7294,0.0420967,0.043,
107,d006_c29,,0.378121,0.00939698,0.043,
107,d006_c30,,0.502032,0.016246,0.043,
107,d006_c33a,,1.24973,0.0494486,0.043,
107,d006_c36,,0.881892,0.0257625,0.043,
107,d006_c36,,0.691557,0.0274907,0.043,
107,d006_c42_shaft_symmetric,,0.710969,0.0341762,0.043,
107,d006_cfa29,,0.141576,0,0.043,
107,d006_cfa30,,0.17677,0,0.043,
107,d006_cfa33a,,0.571676,0,0.043,
107,d006_cfa36,,0.399843,0,0.043,
107,d006_cfa36,,0.292776,0,0.043,
107,d006_cfa42_shaft_symmetric,,0.213397,0,0.043,
107,d006_o31,,0.0882969,0.00037466,0.043,
107,d006_o42_shaft_symmetric,,0.0821788,0.00032452,0.043,
107,d006_p29,,0.69961,0.0347935,0.043,
107,d006_p30,,1.07469,0.0624503,0.043,
107,d006_p31,,0.748859,0.0214479,0.043,
107,d006_p32,,0.359875,0.00920939,0.043,
107,d006_p33,,0.634719,0.0281019,0.043,
107,d006_p33,,2.29521,0.200458,0.043,
107,d006_p36,,0.545093,0.0172589,0.043,
107,d006_p36,,2.41664,0.203239,0.043,
108,D006,,0.7294,0.0420967,0.043,
108,d006,,1.97668,0.256727,0.043,
108,d006_c29,,0.413347,0.0100981,0.043,
108,d006_c30,,0.489032,0.0147956,0.043,
108,d006_c33a,,1.24413,0.0502382,0.043,
108,d006_c36,,0.963507,0.0680802,0.043,
108,d006_c36,,0.754461,0.0303916,0.043,
108,d006_c42_shaft_symmetric,,0.733403,0.0347188,0.043,
108,d006_cfa29,,0.149424,0,0.043,
108,d006_cfa30,,0.177489,0,0.043,
108,d006_cfa33a,,0.585678,0,0.043,
108,d006_cfa36,,0.424664,0,0.043,
108,d006_cfa36,,0.323626,0,0.043,
108,d006_cfa42_shaft_symmetric,,0.24464,0,0.043,
108,d006_o31,,0.0882969,0.00037466,0.043,
108,d006_o42_shaft_symmetric,,0.0823268,0.00032574,0.043,
108,d006_p29,,0.635044,0.0274762,0.043,
108,d006_p30,,0.990391,0.0680543,0.043,
108,d006_p31,,0.732864,0.0225392,0.043,
108,d006_p32,,0.42118,0.0129477,0.043,
108,d006_p33,,0.496773,0.0171621,0.043,
108,d006_p33,,2.15731,0.191834,0.043,
108,d006_p36,,2.84791,0.260796,0.043,
109,D006,,0.7294,0.0420967,0.043,
109,d006,,1.89568,0.229582,0.043,
109,d006_c29,,0.37173,0.00911195,0.043,
109,d006_c30,,0.303621,0.00667551,0.043,
109,d006_c33a,,1.07155,0.0390317,0.043,
109,d006_c36,,0.761495,0.0335297,0.043,
109,d006_c36,,0.797262,0.0410697,0.043,
109,d006_c42_shaft_symmetric,,0.638166,0.0245238,0.043,
109,d006_cfa29,,0.123328,0,0.043,
109,d006_cfa30,,0.0771,0,0.043,
109,d006_cfa33a,,0.488189,0,0.043,
109,d006_cfa36,,0.686386,0.0270829,0.043,
109,d006_cfa36,,0.302952,0,0.043,
109,d006_cfa42_shaft_symmetric,,0.221818,0,0.043,
109,d006_o31,,0.0881491,0.00037335,0.043,
109,d006_o42_shaft_symmetric,,0.0823268,0.00032574,0.043,
109,d006_p29,,0.584808,0.021625,0.043,
109,d006_p30,,0.956405,0.0628275,0.043,
109,d006_p31,,0.630011,0.0168993,0.043,
109,d006_p32,,0.520985,0.0179519,0.043,
109,d006_p33,,0.375541,0.00970861,0.043,
109,d006_p33,,2.12167,0.200263,0.043,
109,d006_p36,,2.25354,0.279357,0.043,
110,d006,,1.87246,0.220134,0.043,
110,D006,,0.7294,0.0420967,0.043,
110,d006_c29,,0.301739,0.0065298,0.043,
110,d006_c33a,,0.86394,0.0327819,0.043,
110,d006_c36,,0.62107,0.0241256,0.043,
110,d006_c42_shaft_symmetric,,0.52842,0.019198,0.043,
110,d006_cfa29,,0.0948987,0,0.043,
110,d006_cfa33a,,0.369589,0,0.043,
110,d006_cfa36,,0.233731,0,0.043,
110,d006_cfa42_shaft_symmetric,,0.169813,0,0.043,
110,d006_o31,,0.0881214,0.00037323,0.043,
110,d006_o42_shaft_symmetric,,0.0821788,0.00032452,0.043,
110,d006_p29,,0.592902,0.0227837,0.043,
110,d006_p30,,0.852398,0.0501366,0.043,
110,d006_p31,,0.59931,0.016125,0.043,
110,d006_p32,,0.525847,0.0175787,0.043,
110,d006_p33,,0.336972,0.00753396,0.043,
110,d006_p33,,2.04147,0.207909,0.043,
110,d006_p36,,2.19955,0.267002,0.043,
111,D006,,0.7294,0.0420967,0.043,
111,d006,,1.87762,0.215296,0.043,
111,d006_c42_shaft_symmetric,,0.610022,0.0239257,0.043,
111,d006_cfa42_shaft_symmetric,,0.182229,0,0.043,
111,d006_o31,,0.0881491,0.00037335,0.043,
111,d006_o42_shaft_symmetric,,0.0823268,0.00032574,0.043,
111,d006_p29,,0.556576,0.0200476,0.043,
111,d006_p30,,0.67883,0.0317251,0.043,
111,d006_p32,,0.502449,0.0172841,0.043,
111,d006_p33,,0.340584,0.00813052,0.043,
111,d006_p33,,2.14233,0.231758,0.043,
111,d006_p36,,2.1645,0.264841,0.043,
112,D006,,0.7294,0.0420967,0.043,
112,d006,,1.78474,0.199908,0.043,
112,d006_p29,,0.492284,0.0173185,0.043,
112,d006_p32,,0.481548,0.0171731,0.043,
112,d006_p33,,0.329443,0.007485,0.043,
112,d006_p33,,2.1275,0.245638,0.043,
112,d006_p36,,1.94942,0.220096,0.043,
113,D006,,0.7294,0.0420967,0.043,
113,d006,,1.83481,0.206256,0.043,
113,d006_c32,,0.204559,0.00313348,0.043,
113,d006_cfa32,,0.0469703,0,0.043,
113,d006_p29,,0.480458,0.0155825,0.043,
113,d006_p32,,0.511363,0.0189646,0.043,
113,d006_p33,,0.331831,0.00774836,0.043,
113,d006_p33,,2.1275,0.245638,0.043,
113,d006_p36,,1.94942,0.220096,0.043,
114,D006,,0.7294,0.0420967,0.043,
114,d006,,1.92709,0.227592,0.043,
114,d006_c32,,0.303312,0.00677244,0.043,
114,d006_cfa32,,0.0865796,0,0.043,
114,d006_p29,,0.395379,0.0108082,0.043,
114,d006_p32,,0.612779,0.0263618,0.043,
114,d006_p33,,0.336196,0.00751114,0.043,
114,d006_p33,,2.37886,0.251056,0.043,
114,d006_p36,,2.22766,0.162134,0.043,
114,d006_p37,,0.494777,0.0169159,0.043,
115,D006,,0.7294,0.0420967,0.043,
115,d006,,2.00944,0.237763,0.043,
115,d006_c32,,0.428787,0.0133022,0.043,
115,d006_cfa32,,0.128715,0,0.043,
115,d006_o33_branched,,0.0882969,0.00037466,0.043,
115,d006_p32,,0.649805,0.0295379,0.043,
115,d006_p33,,0.262352,0.00518905,0.043,
115,d006_p33,,2.53947,0.242082,0.043,
115,d006_p36,,0.67907,0.0262925,0.043,
115,d006_p36,,0.913624,0.0568186,0.043,
115,d006_p37,,0.626471,0.0267897,0.043,
116,d006,,2.11468,0.262261,0.043,
116,D006,,0.7294,0.0420967,0.043,
116,d006_c32,,0.37046,0.0102424,0.043,
116,d006_cfa32,,0.100207,0,0.043,
116,d006_o32,,0.0881491,0.00037335,0.043,
116,d006_o33_branched,,0.0882969,0.00037466,0.043,
116,d006_o34_nonsynaptic,,0.0881491,0.00037335,0.043,
116,d006_p32,,0.2765,0.00317698,0.043,
116,d006_p32,,0.816105,0.0450949,0.043,
116,d006_p33,,0.214853,0.00220642,0.043,
116,d006_p33,,0.233317,0.00376938,0.043,
116,d006_p33,,2.73173,0.17847,0.043,
116,d006_p34_nonsynaptic,,0.343822,0.00471508,0.043,
116,d006_p36,,0.905953,0.0565429,0.043,
116,d006_p37,,0.732944,0.0334889,0.043,
117,d006,,2.13523,0.27718,0.043,
117,D006,,0.7294,0.0420967,0.043,
117,d006_c37a,,0.270164,0.00513259,0.043,
117,d006_cfa37a,,0.0883842,0,0.043,
117,d006_o32,,0.0881214,0.00037323,0.043,
117,d006_o33_branched,,0.0879735,0.000371925,0.043,
117,d006_o34_nonsynaptic,,0.0881491,0.00037335,0.043,
117,d006_p32,,1.03821,0.0441392,0.043,
117,d006_p33,,0.898584,0.0257415,0.043,
117,d006_p33,,1.15822,0.0425032,0.043,
117,d006_p34_nonsynaptic,,0.511623,0.0128651,0.043,
117,d006_p36,,0.850744,0.0492872,0.043,
117,d006_p37,,0.760363,0.0362074,0.043,
118,d006,,2.08232,0.287264,0.043,
118,D006,,0.7294,0.0420967,0.043,
118,d006_c37a,,0.558134,0.0166428,0.043,
118,d006_cfa37a,,0.225386,0,0.043,
118,d006_o32,,0.0881491,0.00037335,0.043,
118,d006_o33_branched,,0.0882969,0.00037466,0.043,
118,d006_o34_nonsynaptic,,0.0879735,0.000371925,0.043,
118,d006_p32,,0.943276,0.041877,0.043,
118,d006_p33,,1.28004,0.0468708,0.043,
118,d006_p33,,0.846833,0.0339142,0.043,
118,d006_p34_nonsynaptic,,0.965948,0.0276291,0.043,
118,d006_p36,,0.850298,0.0507688,0.043,
118,d006_p37,,0.955679,0.0505617,0.043,
119,d006,,2.2049,0.309687,0.043,
119,D006,,0.7294,0.0420967,0.043,
119,d006_c37a,,0.589836,0.0194101,0.043,
119,d006_cfa37a,,0.236074,0,0.043,
119,d006_o32,,0.0881491,0.00037335,0.043,
119,d006_o33_branched,,0.0882969,0.00037466,0.043,
119,d006_o34_nonsynaptic,,0.0881491,0.00037335,0.043,
119,d006_p32,,0.598611,0.0160038,0.043,
119,d006_p33,,2.19616,0.112104,0.043,
119,d006_p34_nonsynaptic,,0.592754,0.0219676,0.043,
119,d006_p36,,0.837019,0.05094,0.043,
119,d006_p37,,1.03546,0.0595604,0.043,
120,d006,,2.25531,0.308602,0.043,
120,D006,,0.7294,0.0420967,0.043,
120,d006_c37a,,0.615816,0.0213149,0.043,
120,d006_cfa37a,,0.242316,0,0.043,
120,d006_o32,,0.0881491,0.00037335,0.043,
120,d006_o33_branched,,0.0881214,0.00037323,0.043,
120,d006_p32,,0.402953,0.00592963,0.043,
120,d006_p33,,1.93404,0.0990692,0.043,
120,d006_p34_nonsynaptic,,0.474042,0.0139256,0.043,
120,d006_p35,,1.60084,0.0838136,0.043,
120,d006_p36,,0.856305,0.0497654,0.043,
120,d006_p37,,1.04078,0.0577444,0.043,
121,d006,,2.27452,0.303551,0.043,
121,D006,,0.7294,0.0420967,0.043,
121,d006_c35,,0.345984,0.00895071,0.043,
121,d006_c37a,,0.6984,0.0261604,0.043,
121,d006_cfa35,,0.0916856,0,0.043,
121,d006_cfa37a,,0.288347,0,0.043,
121,d006_o33_branched,,0.0879735,0.000371925,0.043,
121,d006_o35,,0.0882969,0.00037466,0.043,
121,d006_p33,,1.20143,0.0564866,0.043,
121,d006_p35,,0.428103,0.00638606,0.043,
121,d006_p35,,2.01268,0.119591,0.043,
121,d006_p36,,0.795464,0.0451934,0.043,
121,d006_p37,,1.04561,0.0588548,0.043,
122,d006,,2.01479,0.274564,0.043,
122,D006,,0.7294,0.0420967,0.043,
122,d006_c35,,0.533334,0.0175892,0.043,
122,d006_c37a,,0.695851,0.0270685,0.043,
122,d006_cfa35,,0.18919,0,0.043,
122,d006_cfa37a,,0.286797,0,0.043,
122,d006_o35,,0.0881214,0.00037323,0.043,
122,d006_p35,,2.64993,0.137476,0.043,
122,d006_p36,,0.752707,0.0380334,0.043,
122,d006_p37,,1.07749,0.062447,0.043,
123,D006,,0.7294,0.0420967,0.043,
123,d006,,1.93892,0.23875,0.043,
123,d006_c35,,0.528584,0.0163509,0.043,
123,d006_c37a,,0.622868,0.0202741,0.043,
123,d006_cfa35,,0.197118,0,0.043,
123,d006_cfa37a,,0.253079,0,0.043,
123,d006_p35,,0.784786,0.0262148,0.043,
123,d006_p35,,0.998361,0.0512867,0.043,
123,d006_p36,,0.79099,0.039288,0.043,
123,d006_p37,,1.09574,0.063113,0.043,
124,D006,,0.7294,0.0420967,0.043,
124,d006,,1.87705,0.23453,0.043,
124,d006_c35,,0.550804,0.0185082,0.043,
124,d006_c37a,,0.558963,0.0178485,0.043,
124,d006_cfa35,,0.190425,0,0.043,
124,d006_cfa37a,,0.243954,0,0.043,
124,d006_p35,,0.847296,0.0449356,0.043,
124,d006_p36,,0.813413,0.0394648,0.043,
124,d006_p37,,1.15356,0.0717754,0.043,
125,D006,,0.7294,0.0420967,0.043,
125,d006,,1.80651,0.219488,0.043,
125,d006_c35,,0.376462,0.00985618,0.043,
125,d006_c37a,,0.471458,0.012184,0.043,
125,d006_cfa35,,0.112684,0,0.043,
125,d006_cfa37a,,0.198702,0,0.043,
125,d006_p35,,0.694417,0.0312293,0.043,
125,d006_p36,,0.815713,0.0356906,0.043,
125,d006_p37,,1.18349,0.07371,0.043,
126,d006,,1.92441,0.251124,0.043,
126,D006,,0.7294,0.0420967,0.043,
126,d006_c37a,,0.506561,0.0154927,0.043,
126,d006_cfa37a,,0.204333,0,0.043,
126,d006_o36,,0.0881214,0.00037323,0.043,
126,d006_p35,,0.521986,0.0183784,0.043,
126,d006_p36,,0.964979,0.0354053,0.043,
126,d006_p37,,1.40533,0.088404,0.043,
127,d006,,2.05158,0.268749,0.043,
127,D006,,0.7294,0.0420967,0.043,
127,d006_c37a,,0.403622,0.0109053,0.043,
127,d006_cfa37a,,0.1335,0,0.043,
127,d006_o36,,0.0881214,0.00037323,0.043,
127,d006_o37_branched,,0.0881214,0.00037323,0.043,
127,d006_p35,,0.256241,0.00492119,0.043,
127,d006_p36,,0.68911,0.0248599,0.043,
127,d006_p37,,1.54953,0.102815,0.043,
127,d006_p38,,0.277587,0.00514581,0.043,
128,d006,,2.09845,0.293948,0.043,
128,D006,,0.7294,0.0420967,0.043,
128,d006_o36,,0.0881491,0.00037335,0.043,
128,d006_o37_branched,,0.0881491,0.00037335,0.043,
128,d006_p36,,0.49914,0.0120084,0.043,
128,d006_p37,,2.77815,0.176026,0.043,
128,d006_p38,,0.488368,0.0125987,0.043,
129,d006,,2.07929,0.286925,0.043,
129,D006,,0.7294,0.0420967,0.043,
129,d006_o36,,0.0882969,0.00037466,0.043,
129,d006_o37_branched,,0.0881491,0.00037335,0.043,
129,d006_p37,,2.71686,0.136945,0.043,
129,d006_p38,,0.545705,0.0149108,0.043,
130,d006,,2.08946,0.288407,0.043,
130,D006,,0.7294,0.0420967,0.043,
130,d006_o37_branched,,0.0881491,0.00037335,0.043,
130,d006_p37,,0.421707,0.0125806,0.043,
130,d006_p37,,0.633643,0.0210655,0.043,
130,d006_p37,,0.862949,0.0360486,0.043,
130,d006_p38,,0.609402,0.0189118,0.043,
131,d006,,2.05239,0.291855,0.043,
131,D006,,0.7294,0.0420967,0.043,
131,d006_c38,,0.558321,0.0197751,0.043,
131,d006_cfa38,,0.195764,0,0.043,
131,d006_o37_branched,,0.0881491,0.00037335,0.043,
131,d006_o39,,0.0882969,0.00037466,0.043,
131,d006_p37,,0.854031,0.033395,0.043,
131,d006_p38,,1.0462,0.0394348,0.043,
131,d006_p39,,0.303773,0.00454223,0.043,
132,d006,,2.03494,0.289762,0.043,
132,D006,,0.7294,0.0420967,0.043,
132,d006_c38,,0.753237,0.0316919,0.043,
132,d006_cfa38,,0.29427,0,0.043,
132,d006_o37_branched,,0.0881491,0.00037335,0.043,
132,d006_o38,,0.0882969,0.00037466,0.043,
132,d006_o39,,0.0882969,0.00037466,0.043,
132,d006_p37,,0.836841,0.0287815,0.043,
132,d006_p38,,1.35264,0.0618064,0.043,
132,d006_p39,,0.343148,0.00579315,0.043,
133,d006,,2.03266,0.284615,0.043,
133,D006,,0.7294,0.0420967,0.043,
133,d006_c38,,0.670396,0.0282276,0.043,
133,d006_cfa38,,0.24446,0,0.043,
133,d006_o37_branched,,0.0881214,0.00037323,0.043,
133,d006_o38,,0.0881491,0.00037335,0.043,
133,d006_o39,,0.0881491,0.00037335,0.043,
133,d006_p37,,0.727928,0.0244224,0.043,
133,d006_p38,,1.87288,0.083913,0.043,
133,d006_p39,,0.286437,0.0041636,0.043,
134,d006,,2.09069,0.295518,0.043,
134,D006,,0.7294,0.0420967,0.043,
134,d006_c38,,0.753711,0.0378916,0.043,
134,d006_cfa38,,0.262098,0,0.043,
134,d006_o37_branched,,0.0882969,0.00037466,0.043,
134,d006_o38,,0.0879735,0.000371925,0.043,
134,d006_o39,,0.0882969,0.00037466,0.043,
134,d006_p37,,0.743947,0.0245711,0.043,
134,d006_p38,,1.97217,0.0991047,0.043,
134,d006_p39,,0.355112,0.00600358,0.043,
135,d006,,1.96295,0.25979,0.043,
135,D006,,0.7294,0.0420967,0.043,
135,d006_o38,,0.0879735,0.000371925,0.043,
135,d006_o39,,0.0881491,0.00037335,0.043,
135,d006_p37,,0.289738,0.00463029,0.043,
135,d006_p37,,0.510465,0.0164799,0.043,
135,d006_p38,,1.94894,0.0843406,0.043,
135,d006_p39,,0.599547,0.0183499,0.043,
136,d006,,2.0185,0.269304,0.043,
136,D006,,0.7294,0.0420967,0.043,
136,d006_o38,,0.0879735,0.000371925,0.043,
136,d006_o39,,0.0882969,0.00037466,0.043,
136,d006_p37,,0.86309,0.0272956,0.043,
136,d006_p38,,0.882091,0.0279176,0.043,
136,d006_p39,,0.50302,0.011896,0.043,
137,d006,,1.93024,0.245717,0.043,
137,D006,,0.7294,0.0420967,0.043,
137,d006_o39,,0.0882969,0.00037466,0.043,
137,d006_p37,,0.811246,0.0340074,0.043,
137,d006_p39,,0.801575,0.0301294,0.043,
138,d006,,1.97064,0.246892,0.043,
138,D006,,0.7294,0.0420967,0.043,
138,d006_o39,,0.0882969,0.00037466,0.043,
138,d006_p37,,0.824257,0.0334052,0.043,
138,d006_p39,,1.0665,0.0526769,0.043,
139,d006,,1.91769,0.246782,0.043,
139,D006,,0.7294,0.0420967,0.043,
139,d006_o39,,0.0881491,0.00037335,0.043,
139,d006_p37,,0.504991,0.0147637,0.043,
139,d006_p39,,1.33475,0.0636909,0.043,
140,d006,,2.05847,0.280268,0.043,
140,D006,,0.7294,0.0420967,0.043,
140,d006_o39,,0.0882969,0.00037466,0.043,
140,d006_p37,,0.553372,0.0183719,0.043,
140,d006_p39,,0.359475,0.00763085,0.043,
140,d006_p39,,1.74002,0.0935054,0.043,
141,D006,,0.7294,0.0420967,0.043,
141,d006,,2.09344,0.283454,0.043,
141,d006_o39,,0.0881491,0.00037335,0.043,
141,d006_p37,,0.636693,0.0246454,0.043,
141,d006_p39,,0.577938,0.0209915,0.043,
141,d006_p39,,1.37482,0.065488,0.043,
142,D006,,0.7294,0.0420967,0.043,
142,d006,,1.96007,0.256093,0.043,
142,d006_c37b,,0.360785,0.00745069,0.043,
142,d006_cfa37b,,0.141786,0,0.043,
142,d006_mt_high,,0.0444215,0.00014812,0.043,
142,d006_mt_high,,0.0444215,0.00014812,0.043,
142,d006_mt_high,,0.0391931,0.00011522,0.043,
142,d006_mt_high,,0.0391931,0.00011522,0.043,
142,d006_mt_high,,0.0328333,8.092e-05,0.043,
142,d006_mt_high,,0.0330333,8.194e-05,0.043,
142,d006_mt_high,,0.0328333,8.092e-05,0.043,
142,d006_mt_high,,0.0330333,8.194e-05,0.043,
142,d006_mt_high,,0.0328333,8.092e-05,0.043,
142,d006_mt_high,,0.0330333,8.194e-05,0.043,
142,d006_mt_high,,0.0329758,8.16e-05,0.043,
142,d006_mt_high,,0.0328333,8.092e-05,0.043,
142,d006_p37,,0.678176,0.0253694,0.043,
142,d006_p39,,1.684,0.0786206,0.043,
143,d006,,1.99115,0.262364,0.043,
143,D006,,0.7294,0.0420967,0.043,
143,d006_c37b,,0.449821,0.0125568,0.043,
143,d006_cfa37b,,0.166692,0,0.043,
143,d006_INC,,0.151153,0.000314405,0.043,
143,d006_o40_incomplete,,0.0881214,0.00037323,0.043,
143,d006_p37,,0.656846,0.0242088,0.043,
143,d006_p39,,1.54072,0.0852432,0.043,
143,d006_p40_incomplete,,0.319699,0.00544724,0.043,
143,D006_scalecube,,0.9578,0.0318482,0.043,
144,d006,,2.0318,0.268911,0.043,
144,D006,,0.7294,0.0420967,0.043,
144,d006_c37b,,0.455496,0.0126823,0.043,
144,d006_c39,,0.446267,0.0144494,0.043,
144,d006_cfa37b,,0.178316,0,0.043,
144,d006_cfa39,,0.129353,0,0.043,
144,d006_INC,,0.151153,0.000314405,0.043,
144,d006_o40_incomplete,,0.0882969,0.00037466,0.043,
144,d006_p37,,0.640568,0.0226135,0.043,
144,d006_p39,,1.48343,0.0778415,0.043,
144,d006_p40_incomplete,,0.846151,0.0256256,0.043,
145,d006,,2.06231,0.281775,0.043,
145,D006,,0.7294,0.0420967,0.043,
145,d006_c37b,,0.291789,0.00547241,0.043,
145,d006_c39,,0.607946,0.0240097,0.043,
145,d006_cfa37b,,0.101517,0,0.043,
145,d006_cfa39,,0.214741,0,0.043,
145,d006_INC,,0.150948,0.000314605,0.043,
145,d006_INC,,0.150507,0.000312,0.043,
145,d006_o40_incomplete,,0.0879735,0.000371925,0.043,
145,d006_o41_incomplete,,0.0881491,0.00037335,0.043,
145,d006_p37,,0.545783,0.0150604,0.043,
145,d006_p39,,1.39921,0.0746831,0.043,
145,d006_p40_incomplete,,0.610529,0.0252124,0.043,
145,d006_p41_incomplete,,0.224853,0.00209192,0.043,
146,d006,,2.00922,0.281235,0.043,
146,D006,,0.7294,0.0420967,0.043,
146,d006_c39,,0.59424,0.0237333,0.043,
146,d006_cfa39,,0.214647,0,0.043,
146,d006_INC,,0.151153,0.000314405,0.043,
146,d006_o41_incomplete,,0.0881491,0.00037335,0.043,
146,d006_p37,,0.396793,0.00871841,0.043,
146,d006_p39,,1.31966,0.0639886,0.043,
146,d006_p40_incomplete,,0.690928,0.0350746,0.043,
146,d006_p41_incomplete,,0.654717,0.0193313,0.043,
147,d006,,2.022,0.279829,0.043,
147,D006,,0.7294,0.0420967,0.043,
147,d006_c39,,0.611273,0.0256216,0.043,
147,d006_cfa39,,0.214213,0,0.043,
147,d006_INC,,0.151064,0.0003132,0.043,
147,d006_o41_incomplete,,0.0881491,0.00037335,0.043,
147,d006_p37,,0.294036,0.00538409,0.043,
147,d006_p39,,1.25069,0.0554442,0.043,
147,d006_p40_incomplete,,0.754014,0.0418595,0.043,
147,d006_p41_incomplete,,0.791024,0.034633,0.043,
148,d006,,2.022,0.279829,0.043,
148,D006,,0.7294,0.0420967,0.043,
148,d006_c39,,0.642424,0.026918,0.043,
148,d006_cfa39,,0.226711,0,0.043,
148,d006_INC,,0.151153,0.000314405,0.043,
148,d006_o41_incomplete,,0.0881214,0.00037323,0.043,
148,d006_p37,,0.275301,0.00512978,0.043,
148,d006_p39,,1.23771,0.058872,0.043,
148,d006_p40_incomplete,,0.778073,0.0432624,0.043,
148,d006_p41_incomplete,,0.791024,0.034633,0.043,
149,d006,,2.09916,0.300044,0.043,
149,D006,,0.7294,0.0420967,0.043,
149,d006_c39,,0.538261,0.019169,0.043,
149,d006_cfa39,,0.188153,0,0.043,
149,d006_INC,,0.150987,0.000315205,0.043,
149,d006_o41_incomplete,,0.0881491,0.00037335,0.043,
149,d006_p39,,1.2124,0.056349,0.043,
149,d006_p40_incomplete,,0.802515,0.0466687,0.043,
149,d006_p41_incomplete,,0.351601,0.00522664,0.043,
149,d006_p41_incomplete,,0.722723,0.029452,0.043,
150,D006,,0.7294,0.0420967,0.043,
150,d006,,2.12509,0.311099,0.043,
150,d006_c39,,0.314644,0.00737167,0.043,
150,d006_cfa39,,0.079468,0,0.043,
150,d006_p39,,1.0754,0.0524894,0.043,
150,d006_p40_incomplete,,0.818966,0.0502457,0.043,
150,d006_p41_incomplete,,0.78203,0.0383099,0.043,
151,D006,,0.7294,0.0420967,0.043,
151,d006,,2.195,0.328579,0.043,
151,d006_p39,,0.865784,0.0401264,0.043,
151,d006_p40_incomplete,,0.651975,0.0317788,0.043,
151,d006_p41_incomplete,,0.850269,0.0493634,0.043,
152,D006,,0.7294,0.0420967,0.043,
152,d006,,2.22683,0.326705,0.043,
152,d006_p39,,0.726591,0.0314547,0.043,
152,d006_p40_incomplete,,0.481141,0.0176747,0.043,
152,d006_p41_incomplete,,0.796591,0.0436536,0.043,
