section,Trace,Comment,Length,Area,
1,4align1,,3.60312,0.176624,
1,4align10,,3.60251,0.176644,
1,4align11,,3.60251,0.176644,
1,4align12,,3.60251,0.176644,
1,4align2,,3.60251,0.176644,
1,4align3,,3.6026,0.176654,
1,4align4,,3.60275,0.176627,
1,4align5,,3.60275,0.176643,
1,4align6,,3.60279,0.176647,
1,4align7,,3.60264,0.176637,
1,4align8,,3.60301,0.176672,
1,4align9,,3.60261,0.176674,
1,d001,,2.8534,0.577938,
1,D001,,0.46756,0.00758551,
1,d002,,1.6735,0.123912,
1,D002,,0.3062,0.0032589,
1,d005,DDH traced 5/10/2019,2.3031,0.286193,
1,D005,,0.396848,0.0124117,
1,d005_o01_inc,,0.207264,0.0005918,
1,d005_o02_inc,,0.188691,0.000489,
1,d005_p01,DDH traced 5/10/2019,1.00929,0.0510404,
1,d005_SER_p01,,0.1796,0.001122,
1,TEM FIELD,,35.965,80.6231,
2,3align1,,1.71836,0.141765,
2,3align10,,1.7183,0.141753,
2,3align2,,1.71827,0.141751,
2,3align3,,1.71845,0.141779,
2,3align4,,1.7183,0.141753,
2,3align5,,1.7183,0.141756,
2,3align6,,1.7184,0.141771,
2,3align7,,1.7183,0.141754,
2,3align8,,1.7184,0.141771,
2,3align9,,1.71812,0.141725,
2,4align1,,3.43313,0.162377,
2,4align10,,3.43304,0.16235,
2,4align11,,3.43304,0.16235,
2,4align12,,3.43304,0.16235,
2,4align2,,3.43354,0.162354,
2,4align3,,3.43314,0.162358,
2,4align4,,3.4333,0.16234,
2,4align5,,3.43325,0.162351,
2,4align6,,3.43321,0.162346,
2,4align7,,3.43321,0.162343,
2,4align8,,3.43328,0.162371,
2,4align9,,3.43304,0.16235,
2,d001,,2.83855,0.571866,
2,D001,,0.46734,0.00758824,
2,d002,,1.30339,0.0789758,
2,D002,,0.3064,0.00325635,
2,d005,DDH traced 5/10/2019,2.41574,0.264467,
2,D005,,0.396848,0.0124117,
2,d005_o01_inc,,0.207264,0.0005918,
2,d005_o02_inc,,0.188691,0.000489,
2,d005_p01,DDH traced 5/10/2019,0.826022,0.0336583,
2,d005_SER_p01,,0.1796,0.00111601,
2,d005_SER_p02,,0.1714,0.00102102,
2,mito02,,0.238559,0,
2,TEM FIELD,,35.965,80.6231,
3,2align1,,2.4991,0.0766646,
3,2align10,,2.49901,0.0766646,
3,2align11,,2.49861,0.0766879,
3,2align2,,2.4992,0.0766608,
3,2align3,,2.49868,0.0766832,
3,2align4,,2.49883,0.0766814,
3,2align5,,2.4989,0.0766809,
3,2align6,,2.4987,0.0766842,
3,2align7,,2.49888,0.0766786,
3,2align8,,2.4988,0.0766832,
3,2align9,,2.49891,0.0766786,
3,3align1,,1.69067,0.137356,
3,3align10,,1.69058,0.137343,
3,3align2,,1.69073,0.137368,
3,3align3,,1.69076,0.13737,
3,3align4,,1.69073,0.137368,
3,3align5,,1.69068,0.13736,
3,3align6,,1.69068,0.13736,
3,3align7,,1.69077,0.137374,
3,3align8,,1.69068,0.13736,
3,3align9,,1.69073,0.137368,
3,d001,,2.80063,0.567111,
3,D001,,0.46734,0.00758902,
3,d001_o01,,0.0956913,0.000440045,
3,d002,,1.52517,0.110859,
3,D002,,0.3064,0.00326146,
3,d005,DDH traced 5/10/2019,2.57371,0.28862,
3,D005,,0.396848,0.0124117,
3,d005_o01_inc,,0.207264,0.0005918,
3,d005_o02_inc,,0.18878,0.000490505,
3,d005_p01,DDH traced 5/10/2019,0.65793,0.0151511,
3,d005_SER_p01,,0.1796,0.001122,
3,Kristen Test,,2.43338,0.464763,
3,mito01,,0.203412,0,
3,mito02,,0.238559,0,
3,TEM FIELD,,35.965,80.6231,
4,1align1,,0.898286,0.0605694,
4,1align10,,0.898289,0.0605675,
4,1align2,,0.898286,0.0605694,
4,1align3,,0.898291,0.0605694,
4,1align4,,0.898292,0.0605704,
4,1align5,,0.898283,0.060569,
4,1align6,,0.898278,0.0605685,
4,1align7,,0.898433,0.0605865,
4,1align8,,0.898349,0.060577,
4,1align9,,0.898289,0.0605675,
4,2align1,,2.47017,0.0749299,
4,2align10,,2.47047,0.0749117,
4,2align11,,2.47007,0.0749436,
4,2align2,,2.46997,0.074935,
4,2align3,,2.47045,0.0749126,
4,2align4,,2.47012,0.0749309,
4,2align5,,2.47011,0.0749299,
4,2align6,,2.47005,0.0749354,
4,2align7,,2.47045,0.0749125,
4,2align8,,2.47026,0.0749391,
4,2align9,,2.47007,0.0749345,
4,d001,,2.75146,0.547367,
4,D001,,0.46734,0.00758902,
4,d001_o01,,0.0956913,0.000440045,
4,d002,,1.35568,0.101681,
4,D002,,0.3062,0.0032538,
4,d005,DDH traced 5/10/2019,2.51066,0.264372,
4,D005,,0.396848,0.0124117,
4,d005_o01_inc,,0.207264,0.0005918,
4,d005_o02_inc,,0.18878,0.000490505,
4,d005_p01,DDH traced 5/10/2019,0.463679,0.00816175,
4,domain1,,12.9473,12.1124,
4,mito01,,0.203412,0,
4,mito02,,0.238559,0,
4,TEM FIELD,,35.965,80.6231,
5,10align1,,3.68371,0.364762,
5,10align10,,3.68368,0.364764,
5,10align2,,3.68371,0.364744,
5,10align3,,3.68375,0.364752,
5,10align4,,3.68367,0.364744,
5,10align5,,3.68368,0.364756,
5,10align6,,3.68337,0.364735,
5,10align7,,3.6838,0.364797,
5,10align8,,3.68377,0.364746,
5,10align9,,3.68362,0.36473,
5,1align1,,0.881061,0.0582686,
5,1align10,,0.881188,0.0582859,
5,1align2,,0.881103,0.058275,
5,1align3,,0.881143,0.05828,
5,1align4,,0.881115,0.0582773,
5,1align5,,0.881236,0.058292,
5,1align6,,0.881096,0.0582741,
5,1align7,,0.881217,0.0582905,
5,1align8,,0.881329,0.0583042,
5,1align9,,0.881188,0.0582859,
5,d001,,2.71624,0.533386,
5,D001,,0.46754,0.00759291,
5,d001_o01,,0.0956913,0.000440045,
5,d002,,1.42346,0.114957,
5,D002,,0.3062,0.0032538,
5,d005,DDH traced 5/10/2019,2.50617,0.253739,
5,D005,,0.396848,0.0124117,
5,d005_o01_inc,,0.207264,0.0005918,
5,d005_o02_inc,,0.18878,0.000490505,
5,d005_p01,DDH traced 5/10/2019,0.266461,0.00347832,
5,mito01,,0.203412,0,
5,mito02,,0.238559,0,
5,TEM FIELD,,35.965,80.6231,
6,10align1,,3.59551,0.347778,
6,10align10,,3.59563,0.347745,
6,10align2,,3.59548,0.347753,
6,10align3,,3.59556,0.347756,
6,10align4,,3.5956,0.347778,
6,10align5,,3.59557,0.347805,
6,10align6,,3.59568,0.347749,
6,10align7,,3.59546,0.347761,
6,10align8,,3.59557,0.347812,
6,10align9,,3.59556,0.347728,
6,9align1,,4.02838,0.563275,
6,9align2,,4.02838,0.563275,
6,9align3,,4.02836,0.563265,
6,9align4,,4.02838,0.563275,
6,9align5,,4.02838,0.563275,
6,9align6,,4.02838,0.563275,
6,9align7,,4.02838,0.563275,
6,9align8,,4.02838,0.563275,
6,9align9,,4.02838,0.563275,
6,d001,,2.71024,0.519431,
6,D001,,0.46756,0.00758551,
6,d002,,1.3922,0.0993834,
6,D002,,0.3062,0.0032538,
6,d005,DDH traced 5/10/2019,2.23618,0.251491,
6,D005,,0.396848,0.0124117,
6,d005,DDH traced 5/10/2019,0,0,
6,d005_o02_inc,,0.18878,0.000490505,
6,mito01,,0.203412,0,
6,mito02,,0.238559,0,
6,TEM FIELD,,35.965,80.6231,
7,8align1,,3.59436,0.354083,
7,8align10,,3.59436,0.354083,
7,8align2,,3.59435,0.354082,
7,8align3,,3.59432,0.354076,
7,8align4,,3.59436,0.354083,
7,8align5,,3.59436,0.354083,
7,8align6,,3.59436,0.354083,
7,8align7,,3.59436,0.354083,
7,8align8,,3.59436,0.354083,
7,8align9,,3.59436,0.354083,
7,9align1,,4.00319,0.556443,
7,9align2,,4.0032,0.556445,
7,9align3,,4.00318,0.556435,
7,9align4,,4.0032,0.556445,
7,9align5,,4.00318,0.556441,
7,9align6,,4.0032,0.556445,
7,9align7,,4.0032,0.556445,
7,9align8,,4.0032,0.556445,
7,9align9,,4.0032,0.556445,
7,d001,,2.70317,0.512641,
7,D001,,0.46754,0.00758434,
7,d002,,1.45319,0.0855201,
7,D002,,0.3064,0.00326146,
7,d005,DDH traced 5/10/2019,2.1329,0.240143,
7,d005_o02_inc,,0.188691,0.000489,
7,d005_p05,DDH traced 5/10/2019,0.220741,0.00320561,
7,mito01,,0.203412,0,
7,mito02,,0.238559,0,
7,TEM FIELD,,35.965,80.6231,
8,7align1,,1.62183,0.197428,
8,7align10,,1.62183,0.197428,
8,7align2,,1.62183,0.197428,
8,7align3,,1.62183,0.197428,
8,7align4,,1.62179,0.197418,
8,7align5,,1.62183,0.197428,
8,7align6,,1.62169,0.197394,
8,7align7,,1.62169,0.197394,
8,7align8,,1.62183,0.197428,
8,7align9,,1.62183,0.197428,
8,8align1,,3.54324,0.344274,
8,8align10,,3.5432,0.344256,
8,8align2,,3.54331,0.344293,
8,8align3,,3.54337,0.344302,
8,8align4,,3.54336,0.34431,
8,8align5,,3.54338,0.344303,
8,8align6,,3.54337,0.344301,
8,8align7,,3.54346,0.34433,
8,8align8,,3.54317,0.344286,
8,8align9,,3.54319,0.344305,
8,d001,,2.65481,0.490927,
8,D001,,0.46754,0.00759291,
8,d001_o02,,0.101714,0.000497119,
8,d002,,1.74239,0.0877366,
8,D002,,0.3062,0.0032589,
8,d005,DDH traced 5/10/2019,2.23002,0.237435,
8,d005_o02_inc,,0.188575,0.000490755,
8,d005_p05,DDH traced 5/10/2019,0.431888,0.0127496,
8,mito02,,0.238559,0,
8,TEM FIELD,,35.965,80.6231,
9,6align1,,1.66542,0.17335,
9,6align10,,1.6654,0.173347,
9,6align2,,1.66542,0.17335,
9,6align3,,1.66542,0.17335,
9,6align4,,1.66542,0.17335,
9,6align5,,1.66542,0.17335,
9,6align6,,1.66542,0.17335,
9,6align7,,1.66542,0.17335,
9,6align8,,1.66542,0.17335,
9,6align9,,1.66542,0.17335,
9,7align1,,1.61078,0.19476,
9,7align10,,1.61074,0.194752,
9,7align2,,1.61081,0.194769,
9,7align3,,1.61076,0.194755,
9,7align4,,1.6107,0.194739,
9,7align5,,1.61077,0.194759,
9,7align6,,1.61076,0.194756,
9,7align7,,1.61061,0.194718,
9,7align8,,1.61079,0.194761,
9,7align9,,1.61076,0.194752,
9,d001,,2.67655,0.501755,
9,D001,,0.46734,0.00758902,
9,d001_o02,,0.101697,0.000496954,
9,d002,,1.81547,0.0903224,
9,D002,,0.306,0.00325125,
9,d005,DDH traced 5/10/2019,2.26768,0.230731,
9,d005_p03,DDH traced 5/10/2019,0.474316,0.0126282,
9,d005_p05,DDH traced 5/10/2019,0.704741,0.0257712,
9,mito02,,0.238559,0,
9,TEM FIELD,,35.965,80.6231,
10,5align1,,6.12775,0.247717,
10,5align10,,6.12758,0.247636,
10,5align2,,6.12772,0.247709,
10,5align3,,6.12771,0.247715,
10,5align4,,6.12775,0.247717,
10,5align5,,6.12775,0.247717,
10,5align6,,6.12775,0.247717,
10,5align7,,6.12741,0.247641,
10,5align8,,6.12772,0.247716,
10,5align9,,6.12775,0.247717,
10,6align1,,1.65125,0.170414,
10,6align10,,1.65113,0.17039,
10,6align2,,1.65133,0.170431,
10,6align3,,1.65123,0.170411,
10,6align4,,1.65128,0.170419,
10,6align5,,1.65128,0.170419,
10,6align6,,1.65113,0.17039,
10,6align7,,1.65125,0.170414,
10,6align8,,1.65125,0.170414,
10,6align9,,1.65125,0.170414,
10,d001,,2.72537,0.502646,
10,D001,,0.46756,0.0075933,
10,d002,,1.81905,0.118213,
10,D002,,0.3064,0.00325635,
10,d005,DDH traced 5/10/2019,2.30458,0.243157,
10,d005_c03,,0.689199,0.0323618,
10,d005_c05,,0.493723,0.0150803,
10,d005_cfa03,,0.230828,0,
10,d005_cfa05,,0.182521,0,
10,d005_o03,symmetric candidate,0.0754137,0.00027328,
10,d005_o04,,0.0806104,0.000406125,
10,d005_p03,DDH traced 5/10/2019,0.919216,0.0497167,
10,d005_p05,DDH traced 5/10/2019,0.852093,0.0407335,
10,TEM FIELD,,35.965,80.6231,
11,4align1,,3.18483,0.139822,
11,4align10,,3.18483,0.139822,
11,4align2,,3.18483,0.139822,
11,4align3,,3.18483,0.139822,
11,4align4,,3.18483,0.139822,
11,4align5,,3.18483,0.139822,
11,4align6,,3.18483,0.139822,
11,4align7,,3.18483,0.139822,
11,4align8,,3.1845,0.139801,
11,4align9,,3.18483,0.139822,
11,5align1,,6.0738,0.24344,
11,5align10,,6.0739,0.243437,
11,5align2,,6.0739,0.243406,
11,5align3,,6.07387,0.24345,
11,5align4,,6.07383,0.243439,
11,5align5,,6.0739,0.243394,
11,5align6,,6.07376,0.243437,
11,5align7,,6.07385,0.243468,
11,5align8,,6.07381,0.243439,
11,5align9,,6.07373,0.243429,
11,d001,,2.70567,0.489289,
11,D001,,0.46756,0.0075933,
11,d002,,2.0918,0.183313,
11,D002,,0.3702,0.00475862,
11,d005,DDH traced 5/10/2019,2.26602,0.267843,
11,d005_c03,,0.578379,0.0215019,
11,d005_c05,,0.582954,0.0195137,
11,d005_cfa03,,0.200245,0,
11,d005_cfa05,,0.209479,0,
11,d005_o03,symmetric candidate,0.0754137,0.00027328,
11,d005_o04,,0.0806104,0.000406125,
11,d005_p03,DDH traced 5/10/2019,1.89596,0.0985822,
11,d005_p04,,0.413145,0.00618389,
11,d005_p05,DDH traced 5/10/2019,0.946442,0.0475752,
11,TEM FIELD,,35.965,80.6231,
12,3align1,,1.57527,0.119291,
12,3align10,,1.57527,0.119291,
12,3align2,,1.57527,0.119291,
12,3align3,,1.57526,0.119289,
12,3align4,,1.57527,0.119291,
12,3align5,,1.57527,0.119291,
12,3align6,,1.57526,0.119288,
12,3align7,,1.57527,0.119291,
12,3align8,,1.57527,0.119291,
12,3align9,,1.57527,0.119291,
12,4align1,,3.1381,0.135634,
12,4align10,,3.1381,0.135634,
12,4align2,,3.13805,0.135633,
12,4align3,,3.13807,0.135631,
12,4align4,,3.13811,0.135636,
12,4align5,,3.13794,0.135619,
12,4align6,,3.13819,0.135627,
12,4align7,,3.1381,0.135634,
12,4align8,,3.13794,0.135619,
12,4align9,,3.13794,0.135619,
12,d001,,2.60307,0.489553,
12,D001,,0.46754,0.00759291,
12,d002,,2.13618,0.212037,
12,D002,,0.37,0.00475553,
12,d005,DDH traced 5/10/2019,2.26921,0.271456,
12,d005_c03,,0.293704,0.00642746,
12,d005_c05,,0.303387,0.00689579,
12,d005_cfa03,,0.0684775,0,
12,d005_cfa05,,0.0873958,0,
12,d005_o03,symmetric candidate,0.0754137,0.00027328,
12,d005_o04,,0.0806104,0.000406125,
12,d005_p03,DDH traced 5/10/2019,1.79478,0.098984,
12,d005_p04,DDH traced 5/10/2019,0.857281,0.0261517,
12,d005_p05,DDH traced 5/10/2019,0.976451,0.047276,
12,d005_SER_p04,,0.2416,0.0020281,
12,TEM FIELD,,35.965,80.6231,
13,2align1,,2.28796,0.0642848,
13,2align10,,2.28796,0.0642848,
13,2align11,,2.28796,0.0642848,
13,2align2,,2.28796,0.0642848,
13,2align3,,2.28796,0.0642848,
13,2align4,,2.28796,0.0642848,
13,2align5,,2.28791,0.0642839,
13,2align6,,2.28748,0.0642762,
13,2align7,,2.28748,0.0642762,
13,2align8,,2.28796,0.0642848,
13,2align9,,2.28796,0.0642848,
13,3align1,,1.54539,0.114765,
13,3align10,,1.54542,0.114769,
13,3align2,,1.54547,0.114777,
13,3align3,,1.54539,0.114765,
13,3align4,,1.54544,0.114772,
13,3align5,,1.54528,0.114749,
13,3align6,,1.54543,0.114772,
13,3align7,,1.54542,0.114769,
13,3align8,,1.54533,0.114757,
13,3align9,,1.54526,0.114746,
13,d001,,2.67003,0.499979,
13,D001,,0.46754,0.00758512,
13,d002,,2.64103,0.273503,
13,D002,,0.37,0.00475553,
13,d005,DDH traced 5/10/2019,2.43644,0.293093,
13,d005_o03,symmetric candidate,0.0755617,0.0002744,
13,d005_o04,,0.0806104,0.000406125,
13,d005_p03,DDH traced 5/10/2019,1.49071,0.042613,
13,d005_p04,DDH traced 5/10/2019,1.34652,0.0812545,
13,d005_p05,DDH traced 5/10/2019,0.899207,0.0306693,
13,d005_p05,DDH traced 5/10/2019,0.266209,0.00471455,
13,d005_SER_p04,,0.2414,0.00202206,
13,TEM FIELD,,35.965,80.6231,
14,1align1,,0.809629,0.0492014,
14,1align10,,0.809649,0.0492039,
14,1align2,,0.809649,0.0492039,
14,1align3,,0.809635,0.0492022,
14,1align4,,0.809649,0.0492039,
14,1align5,,0.809649,0.0492039,
14,1align6,,0.809649,0.0492039,
14,1align7,,0.809649,0.0492039,
14,1align8,,0.809649,0.0492039,
14,1align9,,0.809649,0.0492039,
14,2align1,,2.2578,0.0625962,
14,2align10,,2.25766,0.0625993,
14,2align11,,2.2577,0.0625917,
14,2align2,,2.2578,0.0625962,
14,2align3,,2.25775,0.062601,
14,2align4,,2.2577,0.0626025,
14,2align5,,2.25747,0.0626083,
14,2align6,,2.25767,0.0625887,
14,2align7,,2.25756,0.0626056,
14,2align8,,2.25791,0.0625909,
14,2align9,,2.25787,0.0625887,
14,d001,,2.75245,0.51987,
14,D001,,0.46754,0.00759291,
14,d002,,2.34579,0.297354,
14,D002,,0.37,0.00476169,
14,d005,DDH traced 5/10/2019,2.50066,0.312416,
14,d005_o03,symmetric candidate,0.0754137,0.00027328,
14,d005_o04,,0.0806104,0.000406125,
14,d005_p04,DDH traced 5/10/2019,1.58082,0.118622,
14,d005_p05,DDH traced 5/10/2019,1.51527,0.056643,
14,d005_SER_p04,,0.2412,0.00202005,
14,mito03,,0.216752,0,
14,TEM FIELD,,35.965,80.6231,
15,10align1,,3.67037,0.362255,
15,10align10,,3.67037,0.362255,
15,10align2,,3.67035,0.362251,
15,10align3,,3.67035,0.362251,
15,10align4,,3.67037,0.362255,
15,10align5,,3.67037,0.362255,
15,10align6,,3.67035,0.362251,
15,10align7,,3.67019,0.362212,
15,10align8,,3.67037,0.362255,
15,10align9,,3.67037,0.362255,
15,1align1,,0.805341,0.0486843,
15,1align10,,0.805505,0.048703,
15,1align2,,0.805341,0.0486843,
15,1align3,,0.805374,0.0486881,
15,1align4,,0.805379,0.0486885,
15,1align5,,0.805428,0.0486945,
15,1align6,,0.805356,0.048686,
15,1align7,,0.805319,0.0486817,
15,1align8,,0.805319,0.0486817,
15,1align9,,0.805318,0.0486817,
15,d001,,2.80131,0.548329,
15,D001,,0.46756,0.0075933,
15,d001_o03,,0.0855438,0.000351651,
15,d002,,2.4025,0.31774,
15,D002,,0.37,0.00476169,
15,d005,DDH traced 5/10/2019,2.40088,0.307208,
15,d005_o03,symmetric candidate,0.0754137,0.00027328,
15,d005_o04,,0.0806104,0.000406125,
15,d005_p04,DDH traced 5/10/2019,1.60473,0.14661,
15,d005_p05,DDH traced 5/10/2019,1.50638,0.0533542,
15,d005_SER_p04,,0.2412,0.00202005,
15,mito03,,0.216752,0,
15,TEM FIELD,,35.965,80.6231,
16,10align1,,3.59559,0.347805,
16,10align10,,3.59574,0.347822,
16,10align2,,3.59563,0.347786,
16,10align3,,3.59557,0.347777,
16,10align4,,3.59578,0.347794,
16,10align5,,3.59562,0.34775,
16,10align6,,3.59562,0.34775,
16,10align7,,3.59556,0.347698,
16,10align8,,3.59549,0.34778,
16,10align9,,3.59549,0.34778,
16,9align1,,4.00195,0.555795,
16,9align10,,4.00195,0.555795,
16,9align2,,4.00195,0.555795,
16,9align3,,4.00195,0.555795,
16,9align4,,4.00195,0.555795,
16,9align5,,4.00175,0.555762,
16,9align6,,4.00194,0.555793,
16,9align7,,4.00155,0.555728,
16,9align8,,4.00195,0.555795,
16,9align9,,4.00195,0.555795,
16,d001,,2.79154,0.540262,
16,D001,,0.46756,0.00758551,
16,d001_o03,,0.0855438,0.000351651,
16,d002,,2.60506,0.366711,
16,D002,,0.3702,0.00475862,
16,d005,DDH traced 5/10/2019,2.36991,0.318659,
16,d005_o03,symmetric candidate,0.0754137,0.00027328,
16,d005_p04,DDH traced 5/10/2019,1.6116,0.166945,
16,d005_p05,DDH traced 5/10/2019,1.68891,0.0597209,
16,d005_SER_p04,,0.2412,0.00202005,
16,mito03,,0.216752,0,
16,TEM FIELD,,35.965,80.6231,
17,8align1,,3.56272,0.34638,
17,8align2,,3.56274,0.346381,
17,8align3,,3.56272,0.346378,
17,8align4,,3.56274,0.346381,
17,8align5,,3.56273,0.346377,
17,8align6,,3.56274,0.346381,
17,8align7,,3.56274,0.346381,
17,8align8,,3.56274,0.346381,
17,8align9,,3.56274,0.346381,
17,9align1,,4.00306,0.55644,
17,9align10,,4.00301,0.556445,
17,9align2,,4.00324,0.55644,
17,9align3,,4.00318,0.55644,
17,9align4,,4.00318,0.556453,
17,9align5,,4.00319,0.556452,
17,9align6,,4.00308,0.556433,
17,9align7,,4.00316,0.556433,
17,9align8,,4.00326,0.55645,
17,9align9,,4.00326,0.55645,
17,d001,,2.8978,0.582502,
17,D001,,0.46754,0.00758512,
17,d002,,2.74632,0.380379,
17,D002,,0.37,0.00476169,
17,d005,DDH traced 5/10/2019,2.34375,0.331664,
17,d005_c04,,0.594127,0.0245387,
17,d005_cfa04,,0.201515,0,
17,d005_o05,,0.0834452,0.000334685,
17,d005_p04,DDH traced 5/10/2019,1.64805,0.150158,
17,d005_p05,DDH traced 5/10/2019,0.796679,0.0289812,
17,d005_SER_p04,,0.2412,0.00202005,
17,mito03,,0.216752,0,
17,TEM FIELD,,35.965,80.6231,
18,7align1,,1.61973,0.196874,
18,7align10,,1.61973,0.196874,
18,7align2,,1.61973,0.196874,
18,7align3,,1.61973,0.196874,
18,7align4,,1.61973,0.196874,
18,7align5,,1.61959,0.19684,
18,7align6,,1.61973,0.196874,
18,7align7,,1.61973,0.196874,
18,7align8,,1.61973,0.196874,
18,7align9,,1.61973,0.196874,
18,8align1,,3.54332,0.344316,
18,8align2,,3.54332,0.34432,
18,8align3,,3.54334,0.344298,
18,8align4,,3.54314,0.344283,
18,8align5,,3.54333,0.344298,
18,8align6,,3.54344,0.344282,
18,8align7,,3.54316,0.344282,
18,8align8,,3.54334,0.34432,
18,8align9,,3.54332,0.34432,
18,d001,,2.864,0.595944,
18,D001,,0.46754,0.00758512,
18,d002,,3.05141,0.424985,
18,D002,,0.37,0.00474936,
18,d005,DDH traced 5/10/2019,2.41809,0.345305,
18,d005_c04,,0.857146,0.0406689,
18,d005_cfa04,,0.344434,0,
18,d005_o05,,0.0834452,0.000334685,
18,d005_p04,DDH traced 5/10/2019,1.73856,0.144329,
18,d005_p05,DDH traced 5/10/2019,0.845733,0.0264132,
18,d005_SER_p04,,0.2414,0.00202206,
18,mito03,,0.216752,0,
18,TEM FIELD,,35.965,80.6231,
19,6align1,,1.65791,0.17177,
19,6align10,,1.65807,0.171802,
19,6align2,,1.65807,0.171802,
19,6align3,,1.65805,0.1718,
19,6align4,,1.65807,0.171802,
19,6align5,,1.65807,0.171802,
19,6align6,,1.65807,0.171802,
19,6align7,,1.65807,0.171802,
19,6align8,,1.65807,0.171802,
19,6align9,,1.65807,0.171802,
19,7align1,,1.61081,0.194767,
19,7align10,,1.61076,0.194756,
19,7align2,,1.6108,0.194765,
19,7align3,,1.61078,0.19476,
19,7align4,,1.61072,0.194745,
19,7align5,,1.61086,0.194778,
19,7align6,,1.61086,0.194778,
19,7align7,,1.61087,0.194781,
19,7align8,,1.61087,0.194781,
19,7align9,,1.61094,0.194798,
19,d001,,2.92134,0.598169,
19,D001,,0.46754,0.00758434,
19,d002,,3.29055,0.498325,
19,D002,,0.37,0.00476169,
19,d005,DDH traced 5/10/2019,2.50084,0.378402,
19,d005_c04,,0.563517,0.0210422,
19,d005_c04,,0.470052,0.0158356,
19,d005_cfa04,,0.21331,0,
19,d005_cfa04,,0.136512,0,
19,d005_o05,,0.0834452,0.000334685,
19,d005_p04,DDH traced 5/10/2019,1.75002,0.136069,
19,d005_p05,,0.54345,0.0137116,
19,d005_p06,DDH traced 5/10/2019,0.362887,0.00782315,
19,d005_SER_p04,,0.2412,0.00202005,
19,mito03,,0.216752,0,
19,TEM FIELD,,35.965,80.6231,
20,5align1,,6.10996,0.24621,
20,5align10,,6.11004,0.246213,
20,5align2,,6.11001,0.246206,
20,5align3,,6.11004,0.246213,
20,5align4,,6.11004,0.246213,
20,5align5,,6.11001,0.246212,
20,5align6,,6.11004,0.246213,
20,5align7,,6.11004,0.246213,
20,5align8,,6.11004,0.246213,
20,5align9,,6.11004,0.246213,
20,6align1,,1.65123,0.17041,
20,6align10,,1.6512,0.170404,
20,6align2,,1.6512,0.170404,
20,6align3,,1.65122,0.170407,
20,6align4,,1.65123,0.17041,
20,6align5,,1.6512,0.170404,
20,6align6,,1.6512,0.170404,
20,6align7,,1.6512,0.170404,
20,6align8,,1.6512,0.170404,
20,6align9,,1.6512,0.170404,
20,d001,,2.86624,0.575773,
20,D001,,0.46754,0.00758434,
20,d001_o04,symmetric candidate,0.0855438,0.000351651,
20,d002,,3.00628,0.558066,
20,D002,,0.3702,0.00475862,
20,d002_o1,symmetric candidate,0.118268,0.000672165,
20,d005,DDH traced 5/10/2019,2.41964,0.369371,
20,d005_c04,,0.98443,0.0482979,
20,d005_cfa04,,0.412229,0,
20,d005_o05,,0.0834452,0.000334685,
20,d005_p04,DDH traced 5/10/2019,1.75674,0.122792,
20,d005_p05,DDH traced 5/10/2019,0.415266,0.00579358,
20,d005_p06,DDH traced 5/10/2019,0.63877,0.0272626,
20,TEM FIELD,,35.965,80.6231,
21,4align1,,3.14475,0.136494,
21,4align10,,3.14477,0.136497,
21,4align11,,3.14477,0.136497,
21,4align12,,3.14477,0.136497,
21,4align2,,3.14477,0.136497,
21,4align3,,3.14465,0.136464,
21,4align4,,3.14477,0.136497,
21,4align5,,3.14477,0.136497,
21,4align6,,3.14477,0.136497,
21,4align7,,3.14444,0.136468,
21,4align8,,3.14477,0.136497,
21,4align9,,3.14474,0.136497,
21,5align1,,6.07396,0.243454,
21,5align10,,6.0739,0.243409,
21,5align2,,6.07396,0.243425,
21,5align3,,6.07385,0.243434,
21,5align4,,6.07383,0.243373,
21,5align5,,6.07385,0.243457,
21,5align6,,6.07384,0.243456,
21,5align7,,6.07377,0.243438,
21,5align8,,6.07404,0.243481,
21,5align9,,6.07387,0.243476,
21,d001,,2.93908,0.580819,
21,D001,,0.46756,0.00758551,
21,d001_o04,symmetric candidate,0.0855438,0.000351651,
21,d002,,3.01067,0.582266,
21,D002,,0.37,0.00476169,
21,d002_o1,symmetric candidate,0.118268,0.000672165,
21,d005,DDH traced 5/10/2019,2.3913,0.362238,
21,d005_c04,,0.836162,0.0412943,
21,d005_c06,,0.326616,0.00745441,
21,d005_cfa04,,0.325361,0,
21,d005_cfa06,KH identified 4/29/19,0.0785783,0,
21,d005_p04,DDH traced 5/10/2019,1.60304,0.10419,
21,d005_p06,DDH traced 5/10/2019,0.828458,0.048449,
21,TEM FIELD,,35.965,80.6231,
22,3align1,,1.55351,0.116023,
22,3align10,,1.55351,0.116023,
22,3align11,,1.55351,0.116023,
22,3align12,,1.55351,0.116023,
22,3align2,,1.55351,0.116023,
22,3align3,,1.55351,0.116023,
22,3align4,,1.55351,0.116023,
22,3align5,,1.55351,0.116023,
22,3align6,,1.55351,0.116023,
22,3align7,,1.55351,0.116023,
22,3align8,,1.55351,0.116023,
22,3align9,,1.55351,0.116023,
22,4align1,,3.13808,0.135633,
22,4align10,,3.13808,0.135633,
22,4align11,,3.13808,0.135633,
22,4align12,,3.13808,0.135633,
22,4align2,,3.13808,0.135633,
22,4align3,,3.13776,0.135604,
22,4align4,,3.13808,0.135633,
22,4align5,,3.13808,0.135633,
22,4align6,,3.13808,0.135633,
22,4align7,,3.13808,0.135633,
22,4align8,,3.13808,0.135633,
22,4align9,,3.13806,0.135633,
22,d001,,3.03811,0.607442,
22,D001,,0.46754,0.00758512,
22,d001_o04,symmetric candidate,0.0855438,0.000351651,
22,d002,,2.97913,0.58661,
22,D002,,0.3702,0.00475244,
22,d002_o1,symmetric candidate,0.118268,0.000672165,
22,d005,DDH traced 5/10/2019,2.21247,0.327967,
22,d005_c04,,0.500731,0.0182089,
22,d005_c06,,0.514008,0.0150117,
22,d005_cfa04,,0.183245,0,
22,d005_cfa06,,0.183896,0,
22,d005_p04,DDH traced 5/10/2019,1.42526,0.0822851,
22,d005_p06,DDH traced 5/10/2019,0.880111,0.0523064,
22,sym_CAND_1_nonspiny dendrite,,0.942401,0.0649222,
22,TEM FIELD,,35.965,80.6231,
23,2align1,,2.2659,0.0630514,
23,2align2,,2.2659,0.0630514,
23,2align3,,2.2659,0.0630514,
23,2align4,,2.2659,0.0630514,
23,2align5,,2.26589,0.0630499,
23,3align1,,1.54538,0.114763,
23,3align10,,1.5454,0.114767,
23,3align11,,1.5454,0.114767,
23,3align12,,1.5454,0.114767,
23,3align2,,1.54546,0.114776,
23,3align3,,1.54539,0.114766,
23,3align4,,1.54551,0.114784,
23,3align5,,1.54535,0.114759,
23,3align6,,1.54535,0.114759,
23,3align7,,1.54533,0.114757,
23,3align8,,1.54557,0.114792,
23,3align9,,1.54542,0.114769,
23,d001,,3.06827,0.611314,
23,D001,,0.46754,0.00758512,
23,d001_o04,symmetric candidate,0.0855438,0.000351651,
23,d002,,3.02612,0.583014,
23,D002,,0.3704,0.00475552,
23,d002_o1,symmetric candidate,0.118268,0.000672165,
23,d005,DDH traced 5/10/2019,2.18587,0.313183,
23,d005_c06,,0.580122,0.0190556,
23,d005_cfa06,,0.2223,0,
23,d005_p04,DDH traced 5/10/2019,1.28445,0.0511599,
23,d005_p06,DDH traced 5/10/2019,0.905816,0.0529029,
23,mito04,,0.223853,0,
23,sym_CAND_1_nonspiny dendrite,,0.807822,0.0513601,
23,sym_CAND_3,,1.03243,0.0464089,
23,TEM FIELD,,35.965,80.6231,
24,1align1,,0.808964,0.049121,
24,1align2,,0.808978,0.0491227,
24,1align3,,0.808978,0.0491227,
24,1align4,,0.808978,0.0491227,
24,1align5,,0.808978,0.0491227,
24,1align6,,0.808958,0.0491201,
24,1align7,,0.808978,0.0491227,
24,1align8,,0.808978,0.0491227,
24,2align1,,2.25773,0.0626061,
24,2align2,,2.25755,0.0625977,
24,2align3,,2.25773,0.0625981,
24,2align4,,2.25774,0.0626,
24,2align5,,2.25774,0.0625991,
24,d001,,3.04883,0.606283,
24,D001,,0.46736,0.00758941,
24,d001_o04,symmetric candidate,0.0855438,0.000351652,
24,d002,,3.34446,0.603037,
24,D002,,0.3702,0.00475862,
24,d005,DDH traced 5/10/2019,2.19173,0.299097,
24,d005_c06,,0.560236,0.0178402,
24,d005_cfa06,,0.204754,0,
24,d005_p04,DDH traced 5/10/2019,0.534121,0.0174737,
24,d005_p06,DDH traced 5/10/2019,0.919751,0.0445993,
24,d005_scalecube,,0.302,0.00316009,
24,mito04,,0.223853,0,
24,mito05,,0.210524,0,
24,mito09,,0.275776,0,
24,sym_CAND_1_nonspiny dendrite,,0.921609,0.0639219,
24,sym_CAND_3,,1.07959,0.0577779,
24,TEM FIELD,,35.965,80.6231,
25,1align1,,0.805382,0.0486889,
25,1align2,,0.805382,0.0486889,
25,1align3,,0.805382,0.0486889,
25,1align4,,0.805382,0.0486889,
25,1align5,,0.805382,0.0486889,
25,1align6,,0.805362,0.0486864,
25,1align7,,0.805382,0.0486889,
25,1align8,,0.805382,0.0486889,
25,2align1,,2.3827,0.0697154,
25,2align10,,2.38266,0.0697048,
25,2align2,,2.38321,0.0697136,
25,2align3,,2.38269,0.0697378,
25,2align4,,2.38279,0.0697242,
25,2align5,,2.383,0.069718,
25,2align6,,2.38321,0.0697136,
25,2align7,,2.38321,0.0697136,
25,2align8,,2.38281,0.0697356,
25,2align9,,2.38293,0.0697092,
25,d001,,3.09238,0.611909,
25,D001,,0.46756,0.0075933,
25,d001_o04,symmetric candidate,0.0855438,0.000351651,
25,d002,,3.80903,0.600133,
25,D002,,0.3702,0.00475862,
25,d005,DDH traced 5/10/2019,2.03848,0.275908,
25,d005_c06,,0.413261,0.0113768,
25,d005_cfa06,,0.119532,0,
25,d005_o06,,0.0890957,0.000496125,
25,d005_p04,DDH traced 5/10/2019,0.440848,0.0110025,
25,d005_p06,DDH traced 5/10/2019,0.924207,0.0401317,
25,mito04,,0.223853,0,
25,mito05,,0.210524,0,
25,mito06,,0.185458,0,
25,mito09,,0.275776,0,
25,sym_CAND_3,,0.876636,0.0554525,
25,TEM FIELD,,35.965,80.6231,
26,2align1,,2.37494,0.0692843,
26,2align10,,2.37454,0.0692432,
26,2align2,,2.37517,0.0692782,
26,2align3,,2.37495,0.0692625,
26,2align4,,2.37504,0.0692738,
26,2align5,,2.37479,0.0692585,
26,2align6,,2.37517,0.0692782,
26,2align7,,2.37489,0.0692738,
26,2align8,,2.37489,0.0692738,
26,2align9,,2.37473,0.0692476,
26,3align1,,1.63095,0.127826,
26,3align10,,1.63097,0.127828,
26,3align2,,1.63095,0.127826,
26,3align3,,1.63096,0.127827,
26,3align4,,1.63098,0.12783,
26,3align5,,1.63099,0.127832,
26,3align6,,1.63099,0.127832,
26,3align7,,1.63097,0.127828,
26,3align8,,1.63082,0.127804,
26,3align9,,1.63097,0.127828,
26,d001,,3.14143,0.618957,
26,D001,,0.46756,0.00758551,
26,d001_o05,symmetric candidate,0.0991968,0.000472833,
26,d002,,4.22139,0.593337,
26,D002,,0.3702,0.00475862,
26,d002_o2,symmetric candidate,0.118268,0.000672165,
26,d005,DDH traced 5/10/2019,1.87693,0.258963,
26,d005_o06,,0.0890957,0.000496125,
26,d005_p04,DDH traced 5/10/2019,0.212197,0.00329366,
26,d005_p06,DDH traced 5/10/2019,1.25074,0.0477415,
26,mito04,,0.223853,0,
26,mito05,,0.210524,0,
26,mito06,,0.185458,0,
26,mito09,,0.275776,0,
26,TEM FIELD,,35.965,80.6231,
27,3align1,,1.62928,0.127525,
27,3align10,,1.62926,0.127523,
27,3align2,,1.62926,0.127523,
27,3align3,,1.62928,0.127525,
27,3align4,,1.62928,0.127525,
27,3align5,,1.62941,0.127547,
27,3align6,,1.62925,0.12752,
27,3align7,,1.62926,0.127523,
27,3align8,,1.62926,0.127523,
27,3align9,,1.62926,0.127523,
27,4align1,,3.31172,0.151034,
27,4align10,,3.31167,0.151051,
27,4align2,,3.31214,0.151083,
27,4align3,,3.31182,0.151068,
27,4align4,,3.31164,0.151073,
27,4align5,,3.31175,0.151042,
27,4align6,,3.31175,0.151042,
27,4align7,,3.31205,0.151056,
27,4align8,,3.31172,0.151034,
27,4align9,,3.31172,0.151034,
27,d001,,3.20488,0.640612,
27,D001,,0.46756,0.00758551,
27,d001_o06,symmetric candidate,0.0993447,0.000474306,
27,d002,,3.53674,0.433654,
27,D002,,0.37,0.00476169,
27,d002_o2,symmetric candidate,0.118268,0.000672165,
27,d005,DDH traced 5/10/2019,1.82206,0.247704,
27,d005_o06,,0.0890957,0.000496125,
27,d005_p04,DDH traced 5/10/2019,0.136568,0.0012275,
27,d005_p06,DDH traced 5/10/2019,1.11816,0.0463968,
27,mito04,,0.223853,0,
27,mito05,,0.210524,0,
27,mito06,,0.185458,0,
27,mito09,,0.275776,0,
27,TEM FIELD,,35.965,80.6231,
28,4align1,,3.31582,0.151311,
28,4align10,,3.31649,0.151351,
28,4align2,,3.31602,0.151307,
28,4align3,,3.31608,0.15132,
28,4align4,,3.31585,0.151319,
28,4align5,,3.31585,0.151319,
28,4align6,,3.31589,0.151322,
28,4align7,,3.31615,0.151334,
28,4align8,,3.31594,0.151281,
28,4align9,,3.31634,0.151338,
28,5align1,,6.41035,0.271205,
28,5align2,,6.41029,0.271182,
28,5align3,,6.41026,0.27118,
28,5align4,,6.4102,0.271151,
28,5align5,,6.41016,0.27113,
28,5align6,,6.4103,0.271174,
28,5align7,,6.41008,0.271003,
28,5align8,,6.41025,0.271082,
28,5align9,,6.41028,0.271165,
28,d001,,3.22343,0.649482,
28,D001,,0.46756,0.0075933,
28,d001_o06,symmetric candidate,0.0991968,0.000472833,
28,d002,,3.14543,0.481283,
28,D002,,0.37,0.00474936,
28,d002_o2,symmetric candidate,0.118268,0.000672165,
28,d005,DDH traced 5/10/2019,1.7945,0.241796,
28,d005_o06,,0.0890957,0.000496125,
28,d005_p06,DDH traced 5/10/2019,0.498415,0.0165067,
28,d005_p06,DDH traced 5/10/2019,0.52257,0.0113358,
28,d005_p09,,0.27051,0.00342446,
28,mito05,,0.210524,0,
28,mito06,,0.185458,0,
28,mito09,,0.275776,0,
28,sym_CAND_2,5/6/2019kH this is okay,0.973492,0.0567692,
28,TEM FIELD,,35.965,80.6231,
29,5align1,,6.38741,0.269173,
29,5align2,,6.38788,0.269143,
29,5align3,,6.38781,0.269198,
29,5align4,,6.38773,0.269156,
29,5align5,,6.38787,0.269148,
29,5align6,,6.3875,0.269126,
29,5align7,,6.38804,0.269125,
29,5align8,,6.38724,0.26909,
29,5align9,,6.38804,0.269125,
29,6align1,,1.74267,0.189805,
29,6align10,,1.74268,0.189808,
29,6align2,,1.74267,0.189805,
29,6align3,,1.74267,0.189805,
29,6align4,,1.74268,0.189808,
29,6align5,,1.74254,0.189778,
29,6align6,,1.74269,0.189811,
29,6align7,,1.74268,0.189808,
29,6align8,,1.74268,0.189808,
29,6align9,,1.74268,0.189808,
29,d001,,3.17603,0.659152,
29,D001,,0.46756,0.0075933,
29,d002,,3.17714,0.451557,
29,D002,,0.3704,0.00475552,
29,d005,DDH traced 5/10/2019,1.85041,0.245962,
29,d005_c07_sym,KH identified 4/29/19,0.561364,0.0224097,
29,d005_cfa07_sym,KH identified 4/29/19,0.149277,0,
29,d005_o06,,0.0890957,0.000496125,
29,d005_o07_sym,,0.0815318,0.00031944,
29,d005_p06,DDH traced 5/10/2019,0.231222,0.00384212,
29,d005_p06,DDH traced 5/10/2019,0.385677,0.00787074,
29,d005_p09,DDH traced 5/10/2019,0.500829,0.00880268,
29,mito05,,0.210524,0,
29,mito06,,0.185458,0,
29,mito09,,0.275776,0,
29,sym_CAND_2,5/6/2019kH this is okay,1.08981,0.0802289,
29,sym_CAND_6_investigate,KH identified 5/6/2019,1.2916,0.130598,
29,TEM FIELD,,35.965,80.6231,
30,6align1,,1.74445,0.190179,
30,6align10,,1.74455,0.1902,
30,6align2,,1.74444,0.190176,
30,6align3,,1.74445,0.190179,
30,6align4,,1.74445,0.190179,
30,6align5,,1.74445,0.190179,
30,6align6,,1.74444,0.190176,
30,6align7,,1.74441,0.19017,
30,6align8,,1.74455,0.1902,
30,6align9,,1.74455,0.1902,
30,7align1,,1.69991,0.216908,
30,7align10,,1.69987,0.216899,
30,7align2,,1.69994,0.216918,
30,7align3,,1.69995,0.21692,
30,7align4,,1.69995,0.216919,
30,7align5,,1.69995,0.21692,
30,7align6,,1.69992,0.21691,
30,7align7,,1.69984,0.216891,
30,7align8,,1.6999,0.216908,
30,7align9,,1.6999,0.216908,
30,d001,,3.19541,0.692126,
30,D001,,0.46756,0.0075933,
30,d002,,3.09699,0.418846,
30,D002,,0.3702,0.00475862,
30,d005,DDH traced 5/10/2019,1.90337,0.251807,
30,d005_c07_sym,,0.60898,0.0205754,
30,d005_cfa07_sym,KH identified 4/29/19,0.188566,0,
30,d005_o06,,0.0890957,0.000496125,
30,d005_o07_sym,,0.0815318,0.00031944,
30,d005_p06,,0.280288,0.00327428,
30,d005_p08,DDH traced 5/10/2019,0.294771,0.00467183,
30,d005_p09,DDH traced 5/10/2019,1.05843,0.0280665,
30,mito06,,0.185458,0,
30,mito08,,0.282675,0,
30,mito09,,0.275776,0,
30,sym_CAND_2,5/6/2019kH this is okay,1.2049,0.0831157,
30,sym_CAND_4_investigate,KH identified 4/29/19,1.68189,0.224984,
30,sym_CAND_9_investigate,KH identified 5/6/2019 EXCELLENT,1.61429,0.206613,
30,TEM FIELD,,35.965,80.6231,
31,7align1,,1.70025,0.216944,
31,7align10,,1.70025,0.216944,
31,7align2,,1.70028,0.216952,
31,7align3,,1.70026,0.216945,
31,7align4,,1.70025,0.216942,
31,7align5,,1.70027,0.216951,
31,7align6,,1.70028,0.216952,
31,7align7,,1.70019,0.216926,
31,7align8,,1.70048,0.216997,
31,7align9,,1.70025,0.216944,
31,8align1,,3.73947,0.383487,
31,8align10,,3.73959,0.383489,
31,8align2,,3.73956,0.383468,
31,8align3,,3.73956,0.383482,
31,8align4,,3.7396,0.38348,
31,8align5,,3.73961,0.383465,
31,8align6,,3.73952,0.383523,
31,8align7,,3.73948,0.383507,
31,8align8,,3.73971,0.383454,
31,8align9,,3.73956,0.383474,
31,d001,,3.09811,0.668487,
31,D001,,0.46736,0.00758941,
31,d001_o07,symmetric candidate,0.0800024,0.000307562,
31,d002,,3.08989,0.420634,
31,D002,,0.3702,0.00475862,
31,d005,DDH traced 5/10/2019,1.88153,0.243914,
31,d005_c07_sym,,0.689123,0.0255289,
31,d005_cfa07_sym,KH identified 4/29/19,0.197187,0,
31,d005_o07_sym,,0.0815318,0.00031944,
31,d005_p08,DDH traced 5/10/2019,0.66873,0.0218169,
31,d005_p09,DDH traced 5/10/2019,1.22485,0.0463194,
31,d005_p10,DDH traced 5/10/2019,0.446638,0.0102926,
31,mito06,,0.185458,0,
31,mito08,,0.282675,0,
31,sym_CAND_5_investigate,KH identified 5/6/2019,1.61297,0.201358,
31,TEM FIELD,,35.965,80.6231,
32,8align1,,3.7871,0.394899,
32,8align10,,3.78723,0.39489,
32,8align2,,3.78713,0.394925,
32,8align3,,3.78719,0.394901,
32,8align4,,3.78728,0.394884,
32,8align5,,3.78728,0.394884,
32,8align6,,3.78727,0.394901,
32,8align7,,3.78719,0.394899,
32,8align8,,3.7873,0.394905,
32,8align9,,3.78723,0.394899,
32,9align1,,4.22484,0.619756,
32,9align10,,4.22477,0.619814,
32,9align2,,4.22484,0.619763,
32,9align3,,4.22478,0.619752,
32,9align4,,4.22484,0.619774,
32,9align5,,4.22477,0.619747,
32,9align6,,4.22478,0.619749,
32,9align7,,4.22494,0.619773,
32,9align8,,4.22474,0.619773,
32,9align9,,4.22474,0.619738,
32,d001,,3.05012,0.65539,
32,D001,,0.46756,0.00758551,
32,d001_o07,symmetric candidate,0.0800199,0.000307692,
32,d002,,2.70211,0.397829,
32,D002,,0.3704,0.00475552,
32,d005,DDH traced 5/10/2019,1.91864,0.241972,
32,d005_c07_sym,,0.524445,0.0179963,
32,d005_cfa07_sym,KH identified 4/29/19,0.151797,0,
32,d005_o07_sym,,0.0815318,0.00031944,
32,d005_o08,,0.0872572,0.00047586,
32,d005_p08,DDH traced 5/10/2019,0.972666,0.0371368,
32,d005_p09,DDH traced 5/10/2019,1.21594,0.0663424,
32,d005_p10,DDH traced 5/10/2019,0.394853,0.00932124,
32,d005_p10,DDH traced 5/10/2019,0.619161,0.0183716,
32,d005_SER_p09??,,0.208,0.00149991,
32,mito08,,0.282675,0,
32,sym_CAND_7_investigate,KH identified 4/29/19,2.01811,0.305428,
32,TEM FIELD,,35.965,80.6231,
33,10align1,,3.79464,0.387387,
33,10align10,,3.79485,0.387314,
33,10align2,,3.79466,0.387354,
33,10align3,,3.79466,0.387356,
33,10align4,,3.79474,0.387334,
33,10align5,,3.79458,0.387381,
33,10align6,,3.7946,0.387382,
33,10align7,,3.79456,0.387404,
33,10align8,,3.79471,0.387331,
33,10align9,,3.79478,0.387341,
33,9align1,,4.31652,0.646678,
33,9align10,,4.31664,0.646773,
33,9align2,,4.31654,0.646733,
33,9align3,,4.31658,0.646667,
33,9align4,,4.31654,0.646682,
33,9align5,,4.31654,0.64666,
33,9align6,,4.31656,0.646744,
33,9align7,,4.31652,0.646678,
33,9align8,,4.31652,0.646678,
33,9align9,,4.31652,0.646751,
33,d001,,2.97125,0.616424,
33,D001,,0.46756,0.00758551,
33,d001_o08,symmetric candidate,0.111127,0.00059346,
33,d002,,2.72627,0.41678,
33,D002,,0.3702,0.00475244,
33,d005,DDH traced 5/10/2019,1.92178,0.249011,
33,d005_c07_sym,,0.57047,0.0213816,
33,d005_c09,,0.437513,0.0133004,
33,d005_cfa07_sym,KH identified 4/29/19,0.190542,0,
33,d005_cfa09,,0.146903,0,
33,d005_o07_sym,,0.0815318,0.00031944,
33,d005_o08,,0.0872572,0.00047586,
33,d005_p08,DDH traced 5/10/2019,1.35133,0.0596707,
33,d005_p09,DDH traced 5/10/2019,1.31347,0.0739761,
33,d005_p10,DDH traced 5/10/2019,1.93048,0.0562498,
33,d005_SER_p09??,,0.208,0.00150684,
33,mito08,,0.282675,0,
33,TEM FIELD,,35.965,80.6231,
34,10align1,,4.07904,0.451863,
34,10align10,,4.07918,0.451904,
34,10align2,,4.07909,0.451911,
34,10align3,,4.07919,0.451897,
34,10align4,,4.07914,0.451914,
34,10align5,,4.07914,0.451914,
34,10align6,,4.07912,0.451889,
34,10align7,,4.07918,0.451904,
34,10align8,,4.0792,0.451873,
34,10align9,,4.07934,0.451884,
34,1align1,,0.849937,0.0542262,
34,1align10,,0.849981,0.0542309,
34,1align2,,0.850013,0.0542353,
34,1align3,,0.84997,0.0542293,
34,1align4,,0.849982,0.0542308,
34,1align5,,0.849951,0.0542266,
34,1align6,,0.849943,0.0542256,
34,1align7,,0.849986,0.0542315,
34,1align8,,0.849986,0.0542315,
34,1align9,,0.849986,0.0542315,
34,d001,,2.88108,0.565424,
34,D001,,0.46754,0.00758512,
34,d001_o08,symmetric candidate,0.111127,0.00059346,
34,d001_o09,symmetric candidate,0.111127,0.00059346,
34,d002,,2.72776,0.426156,
34,D002,,0.37,0.00476169,
34,d005,DDH traced 5/10/2019,2.02428,0.266073,
34,d005_c07_sym,,0.305823,0.0071435,
34,d005_c09,,0.757729,0.0317091,
34,d005_cfa07_sym,KH identified 4/29/19,0.087515,0,
34,d005_cfa09,,0.307597,0,
34,d005_o07_sym,,0.0815318,0.00031944,
34,d005_o08,,0.0872572,0.00047586,
34,d005_o09,,0.0816799,0.00032065,
34,d005_p08,DDH traced 5/10/2019,2.22916,0.0986755,
34,d005_p09,DDH traced 5/10/2019,1.44003,0.0828777,
34,d005_p10,DDH traced 5/10/2019,1.88483,0.0471785,
34,d005_SER_p09??,,0.208,0.00150684,
34,mito07,,0.277188,0,
34,mito08,,0.282675,0,
34,TEM FIELD,,35.965,80.6231,
35,1align1,,0.953761,0.0677559,
35,1align10,,0.953384,0.0677009,
35,1align2,,0.95364,0.067735,
35,1align3,,0.953583,0.0677295,
35,1align4,,0.953583,0.0677295,
35,1align5,,0.953504,0.0677163,
35,1align6,,0.953618,0.067735,
35,1align7,,0.953384,0.0677009,
35,1align8,,0.953384,0.0677009,
35,1align9,,0.953623,0.0677339,
35,2align1,,2.38239,0.0697259,
35,2align10,,2.38306,0.0697243,
35,2align2,,2.38302,0.0697329,
35,2align3,,2.38275,0.0697246,
35,2align4,,2.38268,0.0697232,
35,2align5,,2.38254,0.069721,
35,2align6,,2.38283,0.0697319,
35,2align7,,2.38294,0.0697321,
35,2align8,,2.38232,0.0697242,
35,2align9,,2.38232,0.0697242,
35,d001,,2.73022,0.511139,
35,D001,,0.46756,0.0075933,
35,d001_o09,symmetric candidate,0.11111,0.00059328,
35,D002,,0.3702,0.00475862,
35,d005,DDH traced 5/10/2019,2.13406,0.268446,
35,d005_c08,,0.551095,0.0191577,
35,d005_c09,,0.747349,0.0319495,
35,d005_c12,,0.501822,0.017639,
35,d005_cfa08,KH identified 4/29/19,0.195281,0,
35,d005_cfa09,,0.307756,0,
35,d005_o08,,0.0872572,0.00047586,
35,d005_o09,,0.0816799,0.00032065,
35,d005_o10_filo,,0.0872572,0.00047586,
35,d005_o10_filo_php,,0.315136,0.00777151,
35,d005_o11,,0.0815318,0.00031944,
35,d005_p08,DDH traced 5/10/2019,2.22753,0.0931912,
35,d005_p09,DDH traced 5/10/2019,1.93668,0.108979,
35,d005_p10,DDH traced 5/10/2019,1.80204,0.0364462,
35,d005_p11,,0.319498,0.0043659,
35,d005_SER_p09??,,0.208,0.00150338,
35,mito07,,0.277188,0,
35,mito08,,0.282675,0,
35,TEM FIELD,,35.965,80.6231,
36,2align1,,2.43235,0.0717036,
36,2align10,,2.43185,0.0717172,
36,2align2,,2.43232,0.0717054,
36,2align3,,2.43208,0.0717095,
36,2align4,,2.4323,0.0717031,
36,2align5,,2.43184,0.0716963,
36,2align6,,2.43202,0.0717009,
36,2align7,,2.43213,0.07169,
36,2align8,,2.43173,0.0717081,
36,2align9,,2.43195,0.0717126,
36,3align1,,1.62258,0.126565,
36,3align10,,1.62266,0.126578,
36,3align11,,1.62259,0.126567,
36,3align12,,1.62259,0.126567,
36,3align13,,1.62258,0.126565,
36,3align2,,1.62233,0.126527,
36,3align3,,1.62255,0.126561,
36,3align4,,1.62256,0.126561,
36,3align5,,1.62255,0.126561,
36,3align6,,1.62258,0.126566,
36,3align7,,1.62264,0.126574,
36,3align8,,1.62258,0.126566,
36,3align9,,1.62266,0.126578,
36,d001,,2.71375,0.476263,
36,D001,,0.465226,0.00751774,
36,D002,,0.368566,0.00470844,
36,d005,DDH traced 5/10/2019,2.12784,0.248001,
36,d005,DDH traced 5/10/2019,0,0,
36,d005_c08,,0.386396,0.0102175,
36,d005_c09,,0.768552,0.0326877,
36,d005_c12,,0.700298,0.0376513,
36,d005_cfa08,,0.135238,0,
36,d005_cfa09,,0.324758,0,
36,d005_cfa12,,0.500215,0.0174644,
36,d005_o08,,0.0868249,0.000471149,
36,d005_o09,,0.08126,0.000317475,
36,d005_o10_filo,,0.0868249,0.000471149,
36,d005_o11,,0.0811116,0.000316277,
36,d005_p08,DDH traced 5/10/2019,0.279122,0.00341713,
36,d005_p08,DDH traced 5/10/2019,1.541,0.0498375,
36,d005_p09,DDH traced 5/10/2019,1.92326,0.118375,
36,d005_p10,,0.586607,0.00782393,
36,d005_p11,DDH traced 5/10/2019,0.725363,0.0206692,
36,d005_p12,KH identified 4/29/19,0.644622,0.0289925,
36,d005_SER_p09??,,0.20697,0.00148506,
36,mito07,,0.274571,0,
36,TEM FIELD,,35.7777,79.8249,
37,3align1,,1.59728,0.121726,
37,3align10,,1.59728,0.121726,
37,3align11,,1.59729,0.121726,
37,3align12,,1.59727,0.121724,
37,3align13,,1.59729,0.121726,
37,3align2,,1.59728,0.121726,
37,3align3,,1.5973,0.121728,
37,3align4,,1.5973,0.121728,
37,3align5,,1.5973,0.121728,
37,3align6,,1.59729,0.121726,
37,3align7,,1.5973,0.121728,
37,3align8,,1.59729,0.121726,
37,3align9,,1.59729,0.121726,
37,4align1,,3.31206,0.151056,
37,4align10,,3.31215,0.151092,
37,4align11,,3.31158,0.151061,
37,4align2,,3.31198,0.151061,
37,4align3,,3.31206,0.151094,
37,4align4,,3.31179,0.151063,
37,4align5,,3.31185,0.151071,
37,4align6,,3.31162,0.151068,
37,4align7,,3.31163,0.15107,
37,4align8,,3.31211,0.151093,
37,4align9,,3.31207,0.151085,
37,d001,,2.685,0.454636,
37,D001,,0.46734,0.00758902,
37,D002,,0.3702,0.00475244,
37,d005,DDH traced 5/10/2019,2.09687,0.249933,
37,d005_c09,,0.786848,0.0371105,
37,d005_c12,,0.798023,0.0472319,
37,d005_cfa09,,0.32461,0,
37,d005_cfa12,,0.209248,0,
37,d005_cfa12,KH identified 4/29/19,0.534842,0.016354,
37,d005_o09,,0.0816799,0.00032065,
37,d005_o10_filo,,0.0872572,0.00047586,
37,d005_o11,,0.0815318,0.00031944,
37,d005_p08,,0.403189,0.00913123,
37,d005_p09,DDH traced 5/10/2019,1.94286,0.13483,
37,d005_p11,DDH traced 5/10/2019,1.56735,0.0615294,
37,d005_p12,KH identified 4/29/19,1.06206,0.0741203,
37,d005_SER_p09??,,0.208,0.00150338,
37,mito07,,0.277188,0,
37,TEM FIELD,,35.965,80.6231,
38,4align1,,3.25221,0.143906,
38,4align10,,3.25182,0.143852,
38,4align11,,3.25206,0.143902,
38,4align2,,3.25221,0.143906,
38,4align3,,3.25172,0.143881,
38,4align4,,3.25174,0.143894,
38,4align5,,3.25189,0.143882,
38,4align6,,3.25181,0.143889,
38,4align7,,3.25175,0.143889,
38,4align8,,3.25227,0.143916,
38,4align9,,3.25182,0.143852,
38,5align1,,6.41023,0.27115,
38,5align10,,6.4102,0.27113,
38,5align2,,6.41019,0.271121,
38,5align3,,6.4102,0.271143,
38,5align4,,6.41022,0.271151,
38,5align5,,6.41029,0.271188,
38,5align6,,6.41023,0.271179,
38,5align7,,6.41026,0.271163,
38,5align8,,6.41021,0.271223,
38,5align9,,6.41009,0.271158,
38,d001,,2.43802,0.415305,
38,D001,,0.46736,0.00758941,
38,d001_o10,symmetric candidate,0.0777556,0.000290556,
38,D002,,0.3702,0.00475862,
38,d005,DDH traced 5/10/2019,2.02941,0.234864,
38,d005_c09,,0.633716,0.0272388,
38,d005_c12,,0.423024,0.0133792,
38,d005_cfa09,,0.228657,0,
38,d005_cfa12,,0.126279,0,
38,d005_o09,,0.0816799,0.00032065,
38,d005_o11,,0.0815318,0.00031944,
38,d005_p09,DDH traced 5/10/2019,1.74088,0.131417,
38,d005_p11,DDH traced 5/10/2019,1.68122,0.0663109,
38,d005_p12,,1.60379,0.103588,
38,mito07,,0.277188,0,
38,TEM FIELD,,35.965,80.6231,
39,5align1,,6.25485,0.258342,
39,5align10,,6.25477,0.258309,
39,5align2,,6.25494,0.258287,
39,5align3,,6.25466,0.258324,
39,5align4,,6.25464,0.258316,
39,5align5,,6.25441,0.258277,
39,5align6,,6.25461,0.258376,
39,5align7,,6.25494,0.258287,
39,5align8,,6.25494,0.258287,
39,5align9,,6.25458,0.258376,
39,6align1,,1.74274,0.18982,
39,6align10,,1.74259,0.18979,
39,6align2,,1.74262,0.189796,
39,6align3,,1.74262,0.189796,
39,6align4,,1.74266,0.189805,
39,6align5,,1.74262,0.189796,
39,6align6,,1.74264,0.189799,
39,6align7,,1.74276,0.189827,
39,6align8,,1.74259,0.18979,
39,6align9,,1.74259,0.18979,
39,d001,,2.36656,0.393378,
39,D001,,0.46736,0.00758941,
39,D002,,0.3702,0.00475244,
39,d005,DDH traced 5/10/2019,2.01156,0.23665,
39,d005_c12,,0.357024,0.00913593,
39,d005_cfa12,,0.113685,0,
39,d005_o11,,0.0815318,0.00031944,
39,d005_p09,DDH traced 5/10/2019,1.46043,0.0880343,
39,d005_p11,DDH traced 5/10/2019,2.03612,0.0777424,
39,d005_p12,DDH traced 5/10/2019,1.40497,0.0970138,
39,mito07,,0.277188,0,
39,TEM FIELD,,35.965,80.6231,
40,6align1,,1.69611,0.179416,
40,6align10,,1.69611,0.179416,
40,6align2,,1.69615,0.179424,
40,6align3,,1.69615,0.179424,
40,6align4,,1.6962,0.179433,
40,6align5,,1.69616,0.179424,
40,6align6,,1.69614,0.179421,
40,6align7,,1.69616,0.179424,
40,6align8,,1.69611,0.179416,
40,6align9,,1.69624,0.179445,
40,7align1,,1.6999,0.216905,
40,7align10,,1.69989,0.216904,
40,7align2,,1.69998,0.216929,
40,7align3,,1.69995,0.21692,
40,7align4,,1.69997,0.216925,
40,7align5,,1.69998,0.216928,
40,7align6,,1.69988,0.216902,
40,7align7,,1.69995,0.216922,
40,7align8,,1.69992,0.216913,
40,7align9,,1.69998,0.21693,
40,d001,,2.26446,0.362416,
40,D001,,0.46756,0.00758551,
40,D002,,0.3702,0.00475244,
40,d005,DDH traced 5/10/2019,2.02733,0.248707,
40,d005_c11,,0.280479,0.00589882,
40,d005_cfa11,,0.0670995,0,
40,d005_p09,DDH traced 5/10/2019,1.00609,0.0519572,
40,d005_p11,DDH traced 5/10/2019,1.05931,0.0449773,
40,d005_p12,DDH traced 5/10/2019,1.40604,0.0647818,
40,TEM FIELD,,35.965,80.6231,
41,7align1,,1.66513,0.207813,
41,7align10,,1.66514,0.207813,
41,7align2,,1.66515,0.207816,
41,7align3,,1.66514,0.207815,
41,7align4,,1.66518,0.207825,
41,7align5,,1.66517,0.207823,
41,7align6,,1.66514,0.207813,
41,7align7,,1.66508,0.207796,
41,7align8,,1.66519,0.20783,
41,7align9,,1.66508,0.207796,
41,8align1,,3.73975,0.383482,
41,8align10,,3.73963,0.38354,
41,8align2,,3.73955,0.383444,
41,8align3,,3.73956,0.383485,
41,8align4,,3.73956,0.383502,
41,8align5,,3.73948,0.383483,
41,8align6,,3.73964,0.383474,
41,8align7,,3.73965,0.383488,
41,8align8,,3.73968,0.383514,
41,8align9,,3.73968,0.383514,
41,d001,,2.26045,0.364666,
41,D001,,0.46756,0.0075933,
41,D002,,0.37,0.00475553,
41,d005,DDH traced 5/10/2019,2.03533,0.259962,
41,d005_c11,,0.549442,0.0193492,
41,d005_cfa11,,0.185701,0,
41,d005_o12,,0.0872572,0.00047586,
41,d005_p09,DDH traced 5/10/2019,0.805799,0.0312024,
41,d005_p11,DDH traced 5/10/2019,0.868354,0.0412754,
41,d005_p12,,1.41369,0.0409093,
41,d005_PR_shaft???,,0.389219,0.0119066,
41,TEM FIELD,,35.965,80.6231,
42,8align1,,3.64242,0.366352,
42,8align10,,3.64261,0.366359,
42,8align2,,3.64255,0.366363,
42,8align3,,3.64254,0.366387,
42,8align4,,3.64276,0.366393,
42,8align5,,3.6426,0.366414,
42,8align6,,3.64255,0.366408,
42,8align7,,3.64267,0.366422,
42,8align8,,3.64257,0.366416,
42,8align9,,3.6427,0.366416,
42,9align1,,4.22478,0.619771,
42,9align10,,4.22482,0.619786,
42,9align2,,4.22477,0.619769,
42,9align3,,4.22486,0.619778,
42,9align4,,4.22482,0.619774,
42,9align5,,4.22481,0.619769,
42,9align6,,4.22483,0.619773,
42,9align7,,4.22473,0.619736,
42,9align8,,4.22493,0.619768,
42,9align9,,4.22493,0.619768,
42,d001,,2.30647,0.366762,
42,D001,,0.46756,0.0075933,
42,D002,,0.3704,0.00475552,
42,d005,DDH traced 5/10/2019,2.20575,0.303354,
42,d005_c11,,0.547002,0.0196501,
42,d005_cfa11,,0.196881,0,
42,d005_p09,DDH traced 5/10/2019,0.537659,0.0147362,
42,d005_p11,DDH traced 5/10/2019,0.781429,0.0362936,
42,sym_CAND_8_investigate,KH identified 5/6/2019 ? if this is symmetric_ and / or if this is a non-spiny dendrite?,1.82922,0.261241,
42,TEM FIELD,,35.965,80.6231,
43,10align1,,3.79465,0.387343,
43,10align10,,3.79447,0.387359,
43,10align2,,3.79465,0.387354,
43,10align3,,3.79471,0.38736,
43,10align4,,3.79479,0.3874,
43,10align5,,3.79479,0.387341,
43,10align6,,3.79474,0.387325,
43,10align7,,3.79475,0.387361,
43,10align8,,3.79465,0.387334,
43,10align9,,3.79478,0.387386,
43,9align1,,4.122,0.589592,
43,9align10,,4.12198,0.589542,
43,9align2,,4.122,0.589525,
43,9align3,,4.12204,0.589586,
43,9align4,,4.122,0.589525,
43,9align5,,4.122,0.589592,
43,9align6,,4.12202,0.589596,
43,9align7,,4.12217,0.589576,
43,9align8,,4.12218,0.589643,
43,9align9,,4.12198,0.589542,
43,d001,,2.29849,0.35503,
43,D001,,0.46734,0.00758824,
43,D002,,0.3702,0.00475244,
43,d005,DDH traced 5/10/2019,2.30587,0.308823,
43,d005_c11,,0.505104,0.0173029,
43,d005_cfa11,,0.15787,0,
43,d005_o13,,0.0778258,0.00029106,
43,d005_p11,DDH traced 5/10/2019,0.734595,0.0331821,
43,d005_p13,DDH traced 5/10/2019,0.277039,0.00293826,
43,TEM FIELD,,35.965,80.6231,
44,10align1,,3.68883,0.365534,
44,10align10,,3.68874,0.365484,
44,10align2,,3.68865,0.365514,
44,10align3,,3.68869,0.365518,
44,10align4,,3.68883,0.365501,
44,10align5,,3.6887,0.365493,
44,10align6,,3.68875,0.365509,
44,10align7,,3.68875,0.365484,
44,10align8,,3.68874,0.365484,
44,10align9,,3.68861,0.365476,
44,1align1,,0.849972,0.0542298,
44,1align2,,0.849996,0.0542321,
44,1align3,,0.849971,0.0542294,
44,1align4,,0.849986,0.0542311,
44,1align5,,0.849953,0.0542277,
44,1align6,,0.849946,0.0542258,
44,1align7,,0.849944,0.0542255,
44,1align8,,0.849942,0.0542253,
44,1align9,,0.850011,0.0542339,
44,d001,,2.26623,0.358885,
44,D001,,0.46756,0.00758551,
44,D002,,0.37,0.00476169,
44,d005,DDH traced 5/10/2019,2.27611,0.299061,
44,d005_c14,,0.555435,0.0185683,
44,d005_cfa14,,0.195059,0,
44,d005_o13,,0.0778258,0.00029106,
44,d005_p11,DDH traced 5/10/2019,0.575773,0.0170188,
44,d005_p13,DDH traced 5/10/2019,0.64783,0.0138411,
44,d005_p13,DDH traced 5/10/2019,0.472326,0.00980668,
44,d005_p14,,0.704635,0.0283131,
44,mito10,,0.188093,0,
44,PRexample,,0.0247933,1.636e-05,
44,TEM FIELD,,35.965,80.6231,
45,1align1,,0.825848,0.0511382,
45,1align2,,0.825595,0.0511067,
45,1align3,,0.825691,0.0511183,
45,1align4,,0.825596,0.0511058,
45,1align5,,0.825616,0.0511083,
45,1align6,,0.825852,0.0511382,
45,1align7,,0.825648,0.0511133,
45,1align8,,0.825648,0.0511133,
45,1align9,,0.825648,0.0511133,
45,2align1,,2.38295,0.0697115,
45,2align10,,2.38262,0.0697417,
45,2align2,,2.38295,0.0697237,
45,2align3,,2.38291,0.0697252,
45,2align4,,2.38293,0.069724,
45,2align5,,2.38261,0.0697325,
45,2align6,,2.38259,0.0697323,
45,2align7,,2.38239,0.0697288,
45,2align8,,2.38308,0.0697247,
45,2align9,,2.38271,0.0697097,
45,d001,,2.27126,0.352098,
45,D001,,0.46756,0.00758551,
45,D002,,0.3702,0.00475862,
45,d005,DDH traced 5/10/2019,2.26155,0.306259,
45,d005_c14,,0.493975,0.0152262,
45,d005_cfa14,,0.181405,0,
45,d005_o13,,0.0779739,0.000292215,
45,d005_o14,,0.0712764,0.00031752,
45,d005_p11,DDH traced 5/10/2019,0.340406,0.00749525,
45,d005_p13,DDH traced 5/10/2019,0.763443,0.0225934,
45,d005_p13,DDH traced 5/10/2019,1.19798,0.0328738,
45,d005_p14,DDH traced 5/10/2019,1.09858,0.0704659,
45,mito10,,0.188093,0,
45,TEM FIELD,,35.965,80.6231,
46,2align1,,2.30825,0.0653377,
46,2align10,,2.30741,0.0653501,
46,2align2,,2.30805,0.0653439,
46,2align3,,2.30775,0.0653584,
46,2align4,,2.30765,0.0653645,
46,2align5,,2.308,0.0653435,
46,2align6,,2.30778,0.0653377,
46,2align7,,2.30797,0.0653336,
46,2align8,,2.30784,0.0653584,
46,2align9,,2.30825,0.0653377,
46,3align1,,1.63108,0.127846,
46,3align10,,1.63094,0.127823,
46,3align2,,1.63101,0.127834,
46,3align3,,1.63096,0.127827,
46,3align4,,1.63105,0.127841,
46,3align5,,1.6309,0.127817,
46,3align6,,1.63105,0.127841,
46,3align7,,1.63085,0.12781,
46,3align8,,1.63108,0.127846,
46,3align9,,1.63077,0.127797,
46,d001,,2.233,0.330506,
46,D001,,0.46754,0.00759291,
46,D002,,0.3702,0.00475862,
46,d005,DDH traced 5/10/2019,2.25411,0.311701,
46,d005_o13,,0.0781494,0.00029348,
46,d005_o14,,0.0712764,0.00031752,
46,d005_o15_inc,,0.222315,0.00068086,
46,d005_p13,DDH traced 5/10/2019,2.09911,0.0936628,
46,d005_p14,DDH traced 5/10/2019,1.5015,0.0788365,
46,mito10,,0.188093,0,
46,TEM FIELD,,35.965,80.6231,
47,3align1,,1.57347,0.118654,
47,3align10,,1.57365,0.118678,
47,3align2,,1.57366,0.11868,
47,3align3,,1.57363,0.118676,
47,3align4,,1.57365,0.118678,
47,3align5,,1.57379,0.118701,
47,3align6,,1.57365,0.118678,
47,3align7,,1.57365,0.118678,
47,3align8,,1.57365,0.118678,
47,3align9,,1.57365,0.118678,
47,4align1,,3.31172,0.151079,
47,4align10,,3.31172,0.151079,
47,4align2,,3.31186,0.15105,
47,4align3,,3.31184,0.151069,
47,4align4,,3.31184,0.151069,
47,4align5,,3.31191,0.151046,
47,4align6,,3.3119,0.151048,
47,4align7,,3.31172,0.151079,
47,4align8,,3.31204,0.151071,
47,4align9,,3.31172,0.151079,
47,d001,,2.10293,0.294595,
47,D001,,0.46756,0.0075933,
47,d001_o11,symmetric candidate,0.0777381,0.00029043,
47,D002,,0.3702,0.00475862,
47,d005,DDH traced 5/10/2019,2.22066,0.294662,
47,d005_o13,,0.0781494,0.00029348,
47,d005_o14,,0.0712764,0.00031752,
47,d005_o15_inc,,0.221794,0.00067909,
47,d005_p13,DDH traced 5/10/2019,2.28699,0.0887893,
47,d005_p14,DDH traced 5/10/2019,1.38135,0.060148,
47,mito10,,0.188093,0,
47,TEM FIELD,,35.965,80.6231,
48,4align1,,3.2219,0.141728,
48,4align10,,3.2219,0.141728,
48,4align2,,3.22198,0.141737,
48,4align3,,3.22208,0.141732,
48,4align4,,3.22208,0.141732,
48,4align5,,3.22212,0.141732,
48,4align6,,3.22196,0.141738,
48,4align7,,3.222,0.1417,
48,4align8,,3.2219,0.141728,
48,4align9,,3.22234,0.14172,
48,5align1,,6.41016,0.2711,
48,5align10,,6.41019,0.271079,
48,5align2,,6.41032,0.271131,
48,5align3,,6.41022,0.271088,
48,5align4,,6.4102,0.271142,
48,5align5,,6.41024,0.271199,
48,5align6,,6.41023,0.271195,
48,5align7,,6.41021,0.271231,
48,5align8,,6.41026,0.271183,
48,5align9,,6.41022,0.271163,
48,d001,,2.21861,0.297085,
48,D001,,0.46736,0.00758941,
48,D002,,0.37,0.00475553,
48,d005,DDH traced 5/10/2019,2.18308,0.26949,
48,d005_c13,,0.32563,0.00654207,
48,d005_cfa13,,0.127415,0,
48,d005_o13,,0.0781494,0.00029348,
48,d005_o14,,0.0712764,0.00031752,
48,d005_o15_inc,,0.222315,0.00068086,
48,d005_p13,DDH traced 5/10/2019,1.05024,0.0492137,
48,d005_p13,DDH traced 5/10/2019,0.364633,0.00665296,
48,d005_p14,DDH traced 5/10/2019,1.05568,0.0319588,
48,mito10,,0.188093,0,
48,TEM FIELD,,35.965,80.6231,
49,5align1,,6.19632,0.253464,
49,5align10,,6.19666,0.253524,
49,5align2,,6.19643,0.253586,
49,5align3,,6.19665,0.253524,
49,5align4,,6.19659,0.253488,
49,5align5,,6.19668,0.25348,
49,5align6,,6.19631,0.253449,
49,5align7,,6.19645,0.253442,
49,5align8,,6.19682,0.253454,
49,5align9,,6.19625,0.253504,
49,6align1,,1.74272,0.189816,
49,6align2,,1.74259,0.189788,
49,6align3,,1.74267,0.189806,
49,6align4,,1.74271,0.189815,
49,6align5,,1.74271,0.189815,
49,6align6,,1.74258,0.189786,
49,6align7,,1.74262,0.189796,
49,6align8,,1.74277,0.189828,
49,6align9,,1.74263,0.189798,
49,d001,,2.15463,0.270615,
49,D001,,0.46756,0.0075933,
49,D002,,0.37,0.00476169,
49,d005,DDH traced 5/10/2019,2.1128,0.25213,
49,d005_c13,,0.548117,0.0217072,
49,d005_cfa13,KH identified 4/29/19,0.394802,0.00811227,
49,d005_o13,,0.0781494,0.00029348,
49,d005_o14,,0.0712764,0.00031752,
49,d005_o15_inc,,0.221999,0.000678795,
49,d005_p13,DDH traced 5/10/2019,0.783339,0.0362936,
49,d005_p13,DDH traced 5/10/2019,0.545517,0.0138275,
49,d005_p14,,0.375743,0.00530467,
49,d005_PR_p13???,,0.310741,0.00758285,
49,TEM FIELD,,35.965,80.6231,
50,6align1,,1.6678,0.173602,
50,6align2,,1.6678,0.173602,
50,6align3,,1.66786,0.173614,
50,6align4,,1.66793,0.17363,
50,6align5,,1.66782,0.173605,
50,6align6,,1.66782,0.173605,
50,6align7,,1.66778,0.173597,
50,6align8,,1.66778,0.173597,
50,6align9,,1.66791,0.173625,
50,7align1,,1.65906,0.20661,
50,7align10,,1.65905,0.206607,
50,7align2,,1.65905,0.206607,
50,7align3,,1.65908,0.206614,
50,7align4,,1.65906,0.20661,
50,7align5,,1.65906,0.20661,
50,7align6,,1.65906,0.20661,
50,7align7,,1.65905,0.206607,
50,7align8,,1.65905,0.206607,
50,7align9,,1.65905,0.206607,
50,d001,,2.06771,0.252672,
50,D001,,0.46756,0.0075933,
50,D002,,0.3702,0.00475244,
50,d005,DDH traced 5/10/2019,2.02943,0.209476,
50,d005_c13,,0.398354,0.0104207,
50,d005_cfa13,,0.0977135,0,
50,d005_o13,,0.0781494,0.00029348,
50,d005_o15_inc,,0.221999,0.000678795,
50,d005_p13,,0.507061,0.0116876,
50,d005_p13,DDH traced 5/10/2019,0.511665,0.0159121,
50,TEM FIELD,,35.965,80.6231,
51,7align1,,1.59267,0.190157,
51,7align10,,1.59266,0.190154,
51,7align2,,1.59264,0.19015,
51,7align3,,1.59268,0.190159,
51,7align4,,1.59268,0.190159,
51,7align5,,1.59268,0.190159,
51,7align6,,1.59268,0.190159,
51,7align7,,1.59266,0.190154,
51,7align8,,1.5928,0.190186,
51,7align9,,1.59266,0.190154,
51,d001,,2.02815,0.268947,
51,D001,,0.46756,0.00758551,
51,D002,,0.3702,0.00475862,
51,d005,DDH traced 5/10/2019,2.13665,0.203536,
51,d005_o15_inc,,0.222315,0.00068086,
51,TEM FIELD,,35.965,80.6231,
